#include <Arduino.h>
#include <Wire.h>
#include <U8g2lib.h>



/*
ESP32 OLED Meme Animation
OLED: 1.3" 128x64 SH1106
I2C Address: 0x3C
SDA: GPIO 21
SCL: GPIO 22
*/

U8G2_SH1106_128X64_NONAME_F_HW_I2C display(
    U8G2_R0, U8X8_PIN_NONE
);

//single shot 
const uint8_t frame0[] PROGMEM = {
  0xff, 0xff, 0xff, 0xff, 0xff, 0xff, 0xff, 0xff, 0xff, 0xff, 0xfe, 0x00, 0x3f, 0xff, 0xff, 0xff,
  0xff, 0xff, 0xff, 0xff, 0xff, 0xff, 0xff, 0xff, 0xff, 0xff, 0xe0, 0x00, 0x00, 0xff, 0xff, 0xff,
  0xff, 0xff, 0xff, 0xff, 0xff, 0xff, 0xff, 0xff, 0xff, 0xff, 0xe0, 0x0e, 0x00, 0xff, 0xff, 0xff,
  0xff, 0xff, 0xff, 0xff, 0xff, 0xff, 0xff, 0xff, 0xff, 0xff, 0x80, 0x70, 0x00, 0x1f, 0xff, 0xff,
  0xff, 0xff, 0xff, 0xff, 0xff, 0xff, 0xff, 0xff, 0xff, 0xff, 0x01, 0x80, 0x0e, 0x03, 0xff, 0xff,
  0xff, 0xff, 0xff, 0xff, 0xff, 0xff, 0xff, 0xff, 0xff, 0xff, 0x07, 0x80, 0x03, 0x83, 0xff, 0xff,
  0xff, 0xff, 0xff, 0xff, 0xff, 0xff, 0xff, 0xff, 0xff, 0xfc, 0x0e, 0x00, 0x01, 0x80, 0xff, 0xff,
  0xff, 0xff, 0xff, 0xff, 0xff, 0xff, 0xff, 0xff, 0xff, 0xfc, 0x1c, 0x00, 0x00, 0xe0, 0xff, 0xff,
  0xff, 0xff, 0xff, 0xff, 0xff, 0xff, 0xff, 0xff, 0xff, 0xf0, 0x30, 0x00, 0x00, 0x70, 0x7f, 0xff,
  0xff, 0xff, 0xff, 0xff, 0xff, 0xff, 0xff, 0xff, 0xff, 0xf0, 0x70, 0x00, 0x00, 0x38, 0x7f, 0xff,
  0xff, 0xff, 0xff, 0xff, 0xff, 0xff, 0xff, 0xff, 0xff, 0xe1, 0xe0, 0x00, 0x00, 0x18, 0x9f, 0xff,
  0xff, 0xff, 0xff, 0xff, 0xff, 0xff, 0xff, 0xff, 0xff, 0xe3, 0xc0, 0x00, 0x00, 0x1c, 0x9f, 0xff,
  0xff, 0xff, 0xff, 0xff, 0xff, 0xff, 0xff, 0xff, 0xff, 0xe3, 0xc0, 0x00, 0x80, 0x0c, 0x4f, 0xff,
  0xff, 0xff, 0xff, 0xff, 0xff, 0xff, 0xff, 0xff, 0xff, 0x87, 0x00, 0x00, 0x80, 0x0c, 0x4f, 0xff,
  0xff, 0xff, 0xff, 0xff, 0xff, 0xff, 0xff, 0xff, 0xff, 0x86, 0x08, 0x00, 0x60, 0x06, 0x00, 0x7f,
  0xff, 0xff, 0xff, 0xff, 0xff, 0xff, 0xff, 0xff, 0xff, 0x86, 0x10, 0x04, 0x38, 0x06, 0x07, 0x3f,
  0xff, 0xff, 0xff, 0xff, 0xff, 0xff, 0xff, 0xff, 0xff, 0x8e, 0x30, 0x06, 0x1e, 0x02, 0x0f, 0x8f,
  0xff, 0xff, 0xff, 0xff, 0xff, 0xff, 0xff, 0xff, 0xff, 0x08, 0x60, 0x46, 0x07, 0x82, 0x0f, 0x81,
  0xff, 0xff, 0xff, 0xff, 0xff, 0xff, 0xff, 0xff, 0xff, 0x08, 0xe0, 0x46, 0x01, 0x80, 0x07, 0x60,
  0xff, 0xff, 0xff, 0xff, 0xff, 0xff, 0xff, 0xff, 0xff, 0x01, 0xc0, 0xcf, 0x80, 0x60, 0x3f, 0xf0,
  0xff, 0xff, 0xff, 0xff, 0xff, 0xff, 0xff, 0xff, 0xff, 0x01, 0x80, 0xcf, 0xc0, 0x1c, 0x3c, 0xf0,
  0xff, 0xff, 0xff, 0xff, 0xff, 0xff, 0xff, 0xff, 0xff, 0x03, 0x01, 0x8f, 0xe0, 0x03, 0x3c, 0xe0,
  0xff, 0xff, 0xff, 0xff, 0xff, 0xff, 0xff, 0xff, 0xfc, 0x06, 0x01, 0x9f, 0xf0, 0x00, 0x3f, 0xc0,
  0xff, 0xff, 0xff, 0xff, 0xff, 0xff, 0xff, 0xff, 0xfc, 0x0e, 0x01, 0x9f, 0xc0, 0xe0, 0x0f, 0xe0,
  0xff, 0xff, 0xff, 0xff, 0xff, 0xff, 0xff, 0xff, 0xfc, 0x18, 0x03, 0x3f, 0x8e, 0x1e, 0x0e, 0xe0,
  0xff, 0xff, 0xff, 0xff, 0xff, 0xff, 0xff, 0xff, 0xfc, 0x38, 0x06, 0x7b, 0xbf, 0xc0, 0x0e, 0x40,
  0xff, 0xff, 0xff, 0xff, 0xff, 0xff, 0xff, 0xff, 0xfc, 0x38, 0x0c, 0xfb, 0xff, 0xe0, 0x04, 0x00,
  0xff, 0xff, 0xff, 0xff, 0xff, 0xff, 0xff, 0xff, 0xfc, 0x70, 0x08, 0xff, 0xf6, 0x20, 0x70, 0x78,
  0xff, 0xff, 0xff, 0xff, 0xff, 0xff, 0xff, 0xff, 0xfc, 0x70, 0x10, 0x1f, 0xe0, 0x08, 0xf8, 0x78,
  0xff, 0xff, 0xff, 0xff, 0xff, 0xff, 0xff, 0xff, 0xfc, 0x60, 0x21, 0xff, 0xe1, 0xc9, 0x98, 0xb8,
  0xff, 0xff, 0xff, 0xff, 0xff, 0xff, 0xff, 0xff, 0xfc, 0x60, 0x63, 0xff, 0xe0, 0xf9, 0xb9, 0xe8,
  0xff, 0xff, 0xff, 0xff, 0xff, 0xff, 0xff, 0xff, 0xff, 0x60, 0xc7, 0xff, 0xe4, 0xfd, 0xf9, 0xf0,
  0xff, 0xff, 0xff, 0xff, 0xff, 0xff, 0xff, 0xff, 0xff, 0x21, 0x0d, 0x1f, 0xe0, 0xfd, 0xf9, 0xe8,
  0xff, 0xff, 0xff, 0xff, 0xff, 0xff, 0xff, 0xff, 0xff, 0x80, 0x1c, 0x07, 0xe0, 0xbd, 0xf0, 0x78,
  0xff, 0xff, 0xff, 0xff, 0xff, 0xff, 0xff, 0xff, 0xff, 0x86, 0x18, 0x77, 0xf0, 0x7c, 0xd0, 0x78,
  0xff, 0xff, 0xff, 0xff, 0xff, 0xff, 0xff, 0xff, 0xff, 0x8c, 0x10, 0x3f, 0xff, 0xfc, 0x20, 0x30,
  0xff, 0xff, 0xff, 0xff, 0xff, 0xff, 0xff, 0xff, 0xff, 0x80, 0x00, 0x3f, 0xff, 0xf8, 0x70, 0x00,
  0xff, 0xff, 0xff, 0xff, 0xff, 0xff, 0xff, 0xff, 0xff, 0x80, 0xc0, 0x3f, 0x7f, 0xf8, 0x78, 0x08,
  0xff, 0xff, 0xff, 0xff, 0xff, 0xff, 0xff, 0xff, 0xfe, 0x20, 0xc4, 0x1f, 0xf7, 0xf8, 0x78, 0x08,
  0xff, 0xff, 0xff, 0xff, 0xff, 0xff, 0xff, 0xff, 0xfe, 0x20, 0x66, 0xff, 0xf7, 0xf2, 0x00, 0x08,
  0xff, 0xff, 0xff, 0xff, 0xff, 0xff, 0xff, 0xff, 0xfe, 0x20, 0x63, 0xff, 0x8f, 0xf2, 0xf4, 0x00,
  0xff, 0xff, 0xff, 0xff, 0xff, 0xff, 0xff, 0xff, 0xfe, 0x20, 0x11, 0xff, 0xff, 0xef, 0x00, 0x00,
  0xff, 0xff, 0xff, 0xff, 0xff, 0xff, 0xff, 0xff, 0xfe, 0x30, 0x15, 0x3f, 0xff, 0x1f, 0x00, 0x00,
  0xff, 0xff, 0xff, 0xff, 0xff, 0xff, 0xff, 0xff, 0xff, 0x90, 0x2d, 0x83, 0xfc, 0x7f, 0x00, 0x00,
  0xff, 0xff, 0xff, 0xff, 0xff, 0xff, 0xff, 0xff, 0xff, 0xdc, 0x3c, 0xfc, 0x78, 0xfe, 0x00, 0x00,
  0xff, 0xff, 0xff, 0xff, 0xff, 0xff, 0xff, 0xff, 0xff, 0xc0, 0x07, 0xff, 0x03, 0xfc, 0x00, 0x00,
  0xff, 0xff, 0xff, 0xff, 0xff, 0xff, 0xff, 0xff, 0xff, 0x00, 0x03, 0xff, 0x87, 0xf8, 0xc0, 0x00,
  0xff, 0xff, 0xff, 0xff, 0xff, 0xff, 0xff, 0xff, 0xfe, 0x10, 0x01, 0xff, 0x8f, 0xf3, 0xf8, 0xf8,
  0xff, 0xff, 0xff, 0xff, 0xff, 0xff, 0xff, 0xff, 0xfe, 0x21, 0xf8, 0x7f, 0x8f, 0xc7, 0xe1, 0xe0,
  0xff, 0xff, 0xff, 0xff, 0xff, 0xff, 0xff, 0xff, 0xfc, 0x63, 0xfc, 0x0f, 0x8f, 0xcf, 0xc1, 0x80,
  0xff, 0xff, 0xff, 0xff, 0xff, 0xff, 0xff, 0xff, 0xfc, 0xc3, 0xfc, 0x0f, 0x8f, 0xcf, 0xc7, 0x84,
  0xff, 0xff, 0xff, 0xff, 0xff, 0xff, 0xff, 0xff, 0xfc, 0xc3, 0xfe, 0x0f, 0x87, 0xef, 0x07, 0x0c,
  0xff, 0xff, 0xff, 0xff, 0xff, 0xff, 0xff, 0xff, 0xfc, 0x47, 0xff, 0x0f, 0x87, 0xc6, 0x0c, 0x1c,
  0xff, 0xff, 0xff, 0xff, 0xff, 0xff, 0xff, 0xff, 0xfe, 0x07, 0xff, 0x80, 0x00, 0x14, 0x1c, 0x1d,
  0xff, 0xff, 0xff, 0xff, 0xff, 0xff, 0xff, 0xff, 0xfc, 0x07, 0xff, 0x8e, 0x01, 0xe0, 0x38, 0x39,
  0xff, 0xff, 0xff, 0xff, 0xff, 0xff, 0xff, 0xff, 0xf0, 0x07, 0x80, 0x03, 0xc7, 0x08, 0x70, 0x7b,
  0xff, 0xff, 0xff, 0xff, 0xff, 0xff, 0xff, 0xff, 0xe1, 0x87, 0x1f, 0x38, 0x00, 0x38, 0x60, 0x73,
  0xff, 0xff, 0xff, 0xff, 0xff, 0xff, 0xff, 0xff, 0xe7, 0x04, 0x71, 0x1f, 0x93, 0xc0, 0xe0, 0xe7,
  0xff, 0xff, 0xff, 0xff, 0xff, 0xff, 0xff, 0xff, 0xc6, 0x00, 0x84, 0x30, 0x18, 0x0d, 0xc1, 0xe7,
  0xff, 0xff, 0xff, 0xff, 0xff, 0xff, 0xff, 0xff, 0xce, 0x01, 0x26, 0x3c, 0x10, 0x7c, 0xc1, 0xc7,
  0xff, 0xff, 0xff, 0xff, 0xff, 0xff, 0xff, 0xff, 0xcc, 0x02, 0x70, 0x7f, 0x21, 0xfc, 0x43, 0x8f,
  0xff, 0xff, 0xff, 0xff, 0xff, 0xff, 0xff, 0xff, 0xc0, 0x00, 0x00, 0x7f, 0x81, 0xfe, 0x03, 0x8f,
  0xff, 0xff, 0xff, 0xff, 0xff, 0xff, 0xff, 0xff, 0xe0, 0x01, 0x9e, 0xff, 0x85, 0xfe, 0x07, 0x1f,
  0xff, 0xff, 0xff, 0xff, 0xff, 0xff, 0xff, 0xff, 0xff, 0xff, 0xff, 0xff, 0xff, 0xff, 0xff, 0xff
};

//first word
const uint8_t PROGMEM frame1[1024] = {
  0xff, 0xff, 0xff, 0xff, 0xff, 0xff, 0xff, 0xff, 0xff, 0xff, 0xff, 0x00, 0x1f, 0xff, 0xff, 0xff,
  0xff, 0xff, 0xff, 0xff, 0xff, 0xff, 0xff, 0xff, 0xff, 0xff, 0xe0, 0x00, 0x00, 0x7f, 0xff, 0xff,
  0xff, 0xff, 0xff, 0xff, 0xff, 0xff, 0xff, 0xff, 0xff, 0xff, 0xe0, 0x06, 0x00, 0x7f, 0xff, 0xff,
  0xff, 0xff, 0xff, 0xff, 0xff, 0xff, 0xff, 0xff, 0xff, 0xff, 0x80, 0x38, 0x00, 0x0f, 0xff, 0xff,
  0xff, 0xff, 0xff, 0xff, 0xff, 0xff, 0xff, 0xff, 0xff, 0xff, 0x80, 0x80, 0x01, 0x01, 0xff, 0xff,
  0xff, 0xff, 0xff, 0xff, 0xff, 0xff, 0xff, 0xff, 0xff, 0xff, 0x02, 0x00, 0x00, 0xc0, 0xff, 0xff,
  0xff, 0xff, 0xff, 0xff, 0xff, 0xff, 0xff, 0xff, 0xff, 0xfe, 0x0e, 0x00, 0x00, 0x40, 0x7f, 0xff,
  0xff, 0xff, 0xff, 0xff, 0xff, 0xff, 0xff, 0xff, 0xff, 0xfc, 0x1c, 0x00, 0x00, 0x30, 0x3f, 0xff,
  0xff, 0xff, 0xff, 0xff, 0xff, 0xff, 0xff, 0xff, 0xff, 0xf8, 0x10, 0x00, 0x00, 0x18, 0x3f, 0xff,
  0xff, 0xff, 0xff, 0xff, 0xff, 0xff, 0xff, 0xff, 0xff, 0xf0, 0x30, 0x00, 0x00, 0x0c, 0x0f, 0xff,
  0xff, 0xff, 0xff, 0xff, 0xff, 0xff, 0xff, 0xff, 0xff, 0xf0, 0xe0, 0x00, 0x00, 0x0c, 0x4f, 0xff,
  0xff, 0xff, 0xff, 0xff, 0xff, 0xff, 0xff, 0xff, 0xff, 0xf1, 0xc0, 0x00, 0x00, 0x06, 0x07, 0xff,
  0xff, 0xff, 0xff, 0xff, 0xff, 0xff, 0xff, 0xff, 0xff, 0xc1, 0x80, 0x00, 0x40, 0x06, 0x27, 0xff,
  0xff, 0xff, 0xff, 0xff, 0xff, 0xff, 0xff, 0xff, 0xff, 0xc3, 0x00, 0x00, 0x00, 0x02, 0x00, 0x3f,
  0xff, 0xff, 0xff, 0xff, 0xff, 0xff, 0xff, 0xff, 0xff, 0xc3, 0x00, 0x00, 0x18, 0x03, 0x03, 0x1f,
  0xff, 0xff, 0xff, 0xff, 0xff, 0xff, 0xff, 0xff, 0xff, 0xc3, 0x10, 0x02, 0x0e, 0x01, 0x07, 0x87,
  0xff, 0xff, 0xff, 0xff, 0xff, 0xff, 0xff, 0xff, 0xff, 0x84, 0x10, 0x03, 0x03, 0x81, 0x07, 0xc3,
  0xff, 0xff, 0xef, 0xfe, 0xff, 0xf7, 0xff, 0x93, 0xff, 0x84, 0x30, 0x03, 0x00, 0xc0, 0x03, 0xa3,
  0xcf, 0xff, 0xef, 0xfc, 0xfc, 0xf3, 0xff, 0x93, 0xff, 0x80, 0x60, 0x47, 0x80, 0x10, 0x1f, 0xf0,
  0xcf, 0xff, 0xff, 0xff, 0xfc, 0xff, 0xff, 0x93, 0xff, 0x80, 0xc0, 0x47, 0xe0, 0x0e, 0x1e, 0x78,
  0xcd, 0x0c, 0x28, 0x04, 0x84, 0x12, 0x84, 0x92, 0x1f, 0x81, 0x80, 0xc7, 0xe0, 0x00, 0x1e, 0x70,
  0xcb, 0x2c, 0xa9, 0x24, 0xe4, 0x92, 0xa4, 0x93, 0x9e, 0x01, 0x00, 0xcf, 0xf0, 0x00, 0x1f, 0xe0,
  0xc3, 0x24, 0xe9, 0x24, 0xcc, 0x92, 0x24, 0x92, 0x9e, 0x03, 0x00, 0xcf, 0xc0, 0x30, 0x07, 0xf0,
  0xc9, 0x24, 0xe9, 0x24, 0x8c, 0x93, 0x30, 0x92, 0x9e, 0x04, 0x01, 0x9f, 0xc7, 0x1f, 0x07, 0x70,
  0xc9, 0x04, 0xe9, 0x24, 0x84, 0x93, 0xba, 0x92, 0x4e, 0x0c, 0x03, 0x3f, 0x9f, 0xc0, 0x07, 0x20,
  0xff, 0xff, 0xff, 0xff, 0xff, 0xfe, 0xbf, 0xff, 0xfe, 0x1c, 0x06, 0x7d, 0xff, 0xf0, 0x02, 0x00,
  0xff, 0xff, 0xff, 0xff, 0xff, 0xfe, 0x7f, 0xff, 0xfe, 0x18, 0x04, 0x7f, 0xfe, 0x10, 0x38, 0x3c,
  0xff, 0xff, 0xff, 0xff, 0xff, 0xff, 0xff, 0xff, 0xfe, 0x38, 0x08, 0x0f, 0xf0, 0x00, 0x3c, 0x3c,
  0xff, 0xff, 0xff, 0xff, 0xff, 0xff, 0xff, 0xff, 0xfe, 0x30, 0x10, 0xff, 0xe0, 0xc4, 0x4c, 0x5c,
  0xff, 0xff, 0xff, 0xff, 0xff, 0xff, 0xff, 0xff, 0xfe, 0x30, 0x11, 0xff, 0xf0, 0x64, 0x94, 0xf4,
  0xff, 0xff, 0xff, 0xff, 0xff, 0xff, 0xff, 0xff, 0xff, 0x30, 0x23, 0xff, 0xf2, 0x64, 0xfc, 0xe8,
  0xff, 0xff, 0xff, 0xff, 0xff, 0xff, 0xff, 0xff, 0xff, 0x90, 0x86, 0x8f, 0xf0, 0x7c, 0xdc, 0xf4,
  0xff, 0xff, 0xff, 0xff, 0xff, 0xff, 0xff, 0xff, 0xff, 0xc0, 0x0e, 0x03, 0xf0, 0x0c, 0xf8, 0x3c,
  0xff, 0xff, 0xff, 0xff, 0xff, 0xff, 0xff, 0xff, 0xff, 0xc1, 0x0c, 0x33, 0xf0, 0x3c, 0xc8, 0x3c,
  0xff, 0xff, 0xff, 0xff, 0xff, 0xff, 0xff, 0xff, 0xff, 0xc2, 0x08, 0x1f, 0xff, 0xfc, 0x10, 0x38,
  0xff, 0xff, 0xff, 0xff, 0xff, 0xff, 0xff, 0xff, 0xff, 0x80, 0x00, 0x1f, 0xff, 0xfc, 0x10, 0x00,
  0xff, 0xff, 0xff, 0xff, 0xff, 0xff, 0xff, 0xff, 0xff, 0x80, 0x60, 0x1f, 0xbf, 0xfc, 0x38, 0x04,
  0xff, 0xff, 0xff, 0xff, 0xff, 0xff, 0xff, 0xff, 0xfe, 0x00, 0x62, 0x0f, 0xfb, 0xfc, 0x3c, 0x00,
  0xff, 0xff, 0xff, 0xff, 0xff, 0xff, 0xff, 0xff, 0xfe, 0x10, 0x33, 0x7f, 0xfb, 0xf8, 0x00, 0x04,
  0xff, 0xff, 0xff, 0xff, 0xff, 0xff, 0xff, 0xff, 0xfe, 0x10, 0x31, 0xff, 0xc7, 0xf9, 0x70, 0x00,
  0xff, 0xff, 0xff, 0xff, 0xff, 0xff, 0xff, 0xff, 0xfe, 0x30, 0x08, 0xff, 0xff, 0xf7, 0x80, 0x00,
  0xff, 0xff, 0xff, 0xff, 0xff, 0xff, 0xff, 0xff, 0xfe, 0x18, 0x0a, 0x9f, 0xff, 0x8f, 0x80, 0x00,
  0xff, 0xff, 0xff, 0xff, 0xff, 0xff, 0xff, 0xff, 0xff, 0x98, 0x16, 0xc1, 0xfe, 0x3f, 0x80, 0x00,
  0xff, 0xff, 0xff, 0xff, 0xff, 0xff, 0xff, 0xff, 0xff, 0xce, 0x1e, 0x7e, 0x3c, 0x7f, 0x00, 0x00,
  0xff, 0xff, 0xff, 0xff, 0xff, 0xff, 0xff, 0xff, 0xff, 0xc0, 0x03, 0xff, 0x81, 0xfe, 0x00, 0x00,
  0xff, 0xff, 0xff, 0xff, 0xff, 0xff, 0xff, 0xff, 0xff, 0x80, 0x01, 0xff, 0xc3, 0xfc, 0x60, 0x00,
  0xff, 0xff, 0xff, 0xff, 0xff, 0xff, 0xff, 0xff, 0xff, 0x00, 0x00, 0xff, 0xc7, 0xf9, 0xf8, 0x78,
  0xff, 0xff, 0xff, 0xff, 0xff, 0xff, 0xff, 0xff, 0xfe, 0x00, 0xfc, 0x3f, 0xc7, 0xe3, 0xf0, 0xf0,
  0xff, 0xff, 0xff, 0xff, 0xff, 0xff, 0xff, 0xff, 0xfe, 0x21, 0xfe, 0x07, 0xc7, 0xe7, 0xe0, 0xc0,
  0xff, 0xff, 0xff, 0xff, 0xff, 0xff, 0xff, 0xff, 0xfc, 0x61, 0xfe, 0x07, 0xc7, 0xe7, 0xe3, 0xc2,
  0xff, 0xff, 0xff, 0xff, 0xff, 0xff, 0xff, 0xff, 0xfc, 0x41, 0xff, 0x07, 0xc3, 0xf7, 0x83, 0x86,
  0xff, 0xff, 0xff, 0xff, 0xff, 0xff, 0xff, 0xff, 0xfc, 0x43, 0xff, 0x07, 0xc3, 0xe3, 0x06, 0x0e,
  0xff, 0xff, 0xff, 0xff, 0xff, 0xff, 0xff, 0xff, 0xfe, 0x03, 0xff, 0x80, 0x00, 0x0a, 0x0e, 0x0e,
  0xff, 0xff, 0xff, 0xff, 0xff, 0xff, 0xff, 0xff, 0xfe, 0x03, 0xff, 0xc7, 0x00, 0xf0, 0x1c, 0x1c,
  0xff, 0xff, 0xff, 0xff, 0xff, 0xff, 0xff, 0xff, 0xf8, 0x03, 0xc0, 0x01, 0xe3, 0x84, 0x38, 0x3d,
  0xff, 0xff, 0xff, 0xff, 0xff, 0xff, 0xff, 0xff, 0xf0, 0x83, 0x8f, 0x08, 0x00, 0x1c, 0x30, 0x39,
  0xff, 0xff, 0xff, 0xff, 0xff, 0xff, 0xff, 0xff, 0xf1, 0x82, 0x38, 0x8f, 0xc0, 0xe0, 0x70, 0x71,
  0xff, 0xff, 0xff, 0xff, 0xff, 0xff, 0xff, 0xff, 0xe3, 0x00, 0x00, 0x10, 0x08, 0x06, 0xe0, 0xf3,
  0xff, 0xff, 0xff, 0xff, 0xff, 0xff, 0xff, 0xff, 0xe7, 0x00, 0x02, 0x1c, 0x08, 0x3e, 0x60, 0xe3,
  0xff, 0xff, 0xff, 0xff, 0xff, 0xff, 0xff, 0xff, 0xe6, 0x00, 0x30, 0x3f, 0x80, 0xfe, 0x21, 0xc7,
  0xff, 0xff, 0xff, 0xff, 0xff, 0xff, 0xff, 0xff, 0xe0, 0x00, 0x00, 0x3f, 0x80, 0xff, 0x01, 0xc7,
  0xff, 0xff, 0xff, 0xff, 0xff, 0xff, 0xff, 0xff, 0xe0, 0x00, 0x8e, 0x3f, 0x80, 0xff, 0x03, 0x8f,
  0xff, 0xff, 0xff, 0xff, 0xff, 0xff, 0xff, 0xff, 0xf0, 0xff, 0xff, 0xff, 0xff, 0xff, 0xff, 0xff,
  0xff, 0xff, 0xff, 0xff, 0xff, 0xff, 0xff, 0xff, 0xff, 0xff, 0xff, 0xff, 0xff, 0xff, 0xff, 0xff
};

//second word
const uint8_t PROGMEM frame2[1024] = {
  0xff, 0xff, 0xff, 0xff, 0xff, 0xff, 0xff, 0xff, 0xff, 0xff, 0xff, 0x00, 0x0f, 0xff, 0xff, 0xff,
  0xff, 0xff, 0xff, 0xff, 0xff, 0xff, 0xff, 0xff, 0xff, 0xff, 0xf0, 0x00, 0x00, 0x7f, 0xff, 0xff,
  0xff, 0xff, 0xff, 0xff, 0xff, 0xff, 0xff, 0xff, 0xff, 0xff, 0xf0, 0x07, 0x00, 0x7f, 0xff, 0xff,
  0xff, 0xff, 0xff, 0xff, 0xff, 0xff, 0xff, 0xff, 0xff, 0xff, 0xc0, 0x38, 0x00, 0x07, 0xff, 0xff,
  0xff, 0xff, 0xff, 0xff, 0xff, 0xff, 0xff, 0xff, 0xff, 0xff, 0x80, 0xc0, 0x03, 0x01, 0xff, 0xff,
  0xff, 0xff, 0xff, 0xff, 0xff, 0xff, 0xff, 0xff, 0xff, 0xff, 0x83, 0x00, 0x00, 0xc0, 0xff, 0xff,
  0xff, 0xff, 0xff, 0xff, 0xff, 0xff, 0xff, 0xff, 0xff, 0xfe, 0x07, 0x00, 0x00, 0x60, 0x7f, 0xff,
  0xff, 0xff, 0xff, 0xff, 0xff, 0xff, 0xff, 0xff, 0xff, 0xfe, 0x0e, 0x00, 0x00, 0x38, 0x3f, 0xff,
  0xff, 0xff, 0xff, 0xff, 0xff, 0xff, 0xff, 0xff, 0xff, 0xf8, 0x18, 0x00, 0x00, 0x1c, 0x3f, 0xff,
  0xff, 0xff, 0xff, 0xff, 0xff, 0xff, 0xff, 0xff, 0xff, 0xf8, 0x38, 0x00, 0x00, 0x0c, 0x3f, 0xff,
  0xff, 0xff, 0xff, 0xff, 0xff, 0xff, 0xff, 0xff, 0xff, 0xf0, 0xf0, 0x00, 0x00, 0x0c, 0x4f, 0xff,
  0xff, 0xff, 0xff, 0xff, 0xff, 0xff, 0xff, 0xff, 0xff, 0xf1, 0xe0, 0x00, 0x00, 0x06, 0x07, 0xff,
  0xff, 0xff, 0xff, 0xff, 0xff, 0xff, 0xff, 0xff, 0xff, 0xf1, 0xe0, 0x00, 0x60, 0x06, 0x27, 0xff,
  0xff, 0xff, 0xff, 0xff, 0xff, 0xff, 0xff, 0xff, 0xff, 0xc3, 0x80, 0x00, 0x20, 0x02, 0x00, 0x3f,
  0xff, 0xff, 0xff, 0xff, 0xff, 0xff, 0xff, 0xff, 0xff, 0xc3, 0x04, 0x00, 0x18, 0x03, 0x00, 0x1f,
  0xff, 0xff, 0xff, 0xff, 0xff, 0xff, 0xff, 0xff, 0xff, 0xc3, 0x08, 0x02, 0x0e, 0x01, 0x03, 0xcf,
  0xff, 0xff, 0xff, 0xff, 0xff, 0xff, 0xff, 0xff, 0xff, 0xc7, 0x18, 0x03, 0x07, 0x81, 0x07, 0xc3,
  0xff, 0xff, 0xef, 0xfe, 0xff, 0xf7, 0xff, 0xff, 0xff, 0x84, 0x30, 0x23, 0x81, 0xe0, 0x03, 0xd0,
  0xcf, 0xff, 0xef, 0xfc, 0xfc, 0xf3, 0xff, 0xc9, 0xff, 0x84, 0x70, 0x23, 0x80, 0x40, 0x07, 0xf8,
  0xcf, 0xff, 0xff, 0xff, 0xfc, 0xff, 0xff, 0xc9, 0xff, 0x80, 0xe0, 0x67, 0xc0, 0x18, 0x1f, 0xf8,
  0xcd, 0x24, 0x28, 0x04, 0x84, 0x12, 0x62, 0x49, 0x0f, 0x80, 0xc0, 0x67, 0xf0, 0x07, 0x1e, 0x78,
  0xcb, 0x24, 0xa9, 0x24, 0xc4, 0x92, 0x52, 0x49, 0xcf, 0x81, 0x80, 0xc7, 0xf0, 0x00, 0x1f, 0xf0,
  0xc3, 0x24, 0xe9, 0x24, 0xcc, 0x93, 0x12, 0x49, 0xce, 0x03, 0x00, 0xcf, 0xf8, 0x40, 0x0f, 0xf0,
  0xc9, 0x24, 0xe9, 0x24, 0x8c, 0x93, 0x32, 0x49, 0x4e, 0x07, 0x00, 0xcf, 0xe0, 0x38, 0x03, 0xf0,
  0xc1, 0x04, 0xe9, 0x24, 0x84, 0x93, 0xb9, 0x49, 0x27, 0x0c, 0x01, 0x9f, 0xc7, 0x8f, 0x03, 0x30,
  0xff, 0xff, 0xff, 0xff, 0xff, 0xfe, 0xbf, 0xff, 0xff, 0x1c, 0x03, 0x3d, 0xdf, 0xe0, 0x03, 0x00,
  0xff, 0xff, 0xff, 0xff, 0xff, 0xfe, 0x3f, 0xff, 0xff, 0x1c, 0x06, 0x7d, 0xff, 0xf8, 0x00, 0x00,
  0xff, 0xff, 0xff, 0xff, 0xff, 0xff, 0xff, 0xff, 0xff, 0x38, 0x04, 0x7f, 0xfb, 0x08, 0x3c, 0x1e,
  0xff, 0xff, 0xff, 0xff, 0xff, 0xff, 0xff, 0xff, 0xff, 0x38, 0x08, 0x0f, 0xf0, 0x02, 0x2e, 0x1e,
  0xff, 0xff, 0xff, 0xff, 0xff, 0xff, 0xff, 0xff, 0xff, 0x30, 0x10, 0xff, 0xf0, 0xe6, 0x46, 0x7e,
  0xff, 0xff, 0xff, 0xff, 0xff, 0xff, 0xff, 0xff, 0xff, 0x30, 0x31, 0xff, 0xf0, 0x76, 0x5e, 0x78,
  0xff, 0xff, 0xff, 0xff, 0xff, 0xff, 0xff, 0xff, 0xff, 0xd0, 0x63, 0xff, 0xf2, 0x76, 0x7e, 0x70,
  0xff, 0xff, 0xff, 0xff, 0xff, 0xff, 0xff, 0xff, 0xff, 0xc0, 0x86, 0x8f, 0xf0, 0x7e, 0x7c, 0x7e,
  0xe6, 0x38, 0x73, 0xf8, 0x63, 0x8c, 0x19, 0xcc, 0x3f, 0xc0, 0x0e, 0x03, 0xf0, 0x4e, 0x7c, 0x1e,
  0xe6, 0x30, 0x31, 0xf0, 0x33, 0x88, 0x08, 0xcc, 0x3f, 0xe3, 0x0c, 0x3b, 0xfc, 0x3e, 0x64, 0x1c,
  0xe4, 0x70, 0x11, 0xe0, 0x11, 0x98, 0x08, 0xcc, 0x3f, 0xc6, 0x08, 0x1f, 0xff, 0xfe, 0x18, 0x10,
  0xe0, 0xe3, 0x11, 0xe3, 0x11, 0x19, 0x88, 0x4e, 0x3f, 0xc0, 0x00, 0x1f, 0xff, 0xfe, 0x18, 0x00,
  0xe0, 0xe3, 0x11, 0xe3, 0x11, 0x19, 0x88, 0x4e, 0x3f, 0xc0, 0x62, 0x1f, 0xff, 0xfc, 0x3c, 0x02,
  0xe0, 0x63, 0x11, 0xe3, 0x19, 0x19, 0x88, 0x0e, 0x3f, 0x08, 0x33, 0x0f, 0xfb, 0xfc, 0x3e, 0x02,
  0xe0, 0x60, 0x11, 0xe0, 0x18, 0x38, 0x08, 0x0e, 0x3f, 0x18, 0x39, 0xff, 0xfb, 0xf9, 0x00, 0x06,
  0xe0, 0x60, 0x11, 0xe0, 0x18, 0x38, 0x08, 0x8e, 0x3f, 0x18, 0x19, 0xff, 0xc7, 0xf9, 0x7a, 0x00,
  0xe6, 0x23, 0x11, 0xe3, 0x18, 0x39, 0x88, 0x8e, 0x3f, 0x18, 0x0c, 0xff, 0xff, 0xf7, 0x80, 0x00,
  0xe6, 0x23, 0x10, 0x03, 0x1c, 0x39, 0x88, 0xcc, 0x3f, 0x0c, 0x07, 0xdf, 0xff, 0x8f, 0x80, 0x00,
  0xe7, 0x23, 0x10, 0x03, 0x1c, 0x79, 0x88, 0xcc, 0x3f, 0xcc, 0x0f, 0xe1, 0xfe, 0x3f, 0x80, 0x00,
  0xff, 0xff, 0xff, 0xff, 0xff, 0xff, 0xff, 0xff, 0xff, 0xe7, 0x0f, 0x7e, 0x3c, 0x7f, 0x00, 0x00,
  0xff, 0xff, 0xff, 0xff, 0xff, 0xff, 0xff, 0xff, 0xff, 0xe0, 0x01, 0xff, 0xc1, 0xfe, 0x00, 0x00,
  0xff, 0xff, 0xff, 0xff, 0xff, 0xff, 0xff, 0xff, 0xff, 0x80, 0x00, 0xff, 0xe3, 0xfc, 0x60, 0x00,
  0xff, 0xff, 0xff, 0xff, 0xff, 0xff, 0xff, 0xff, 0xff, 0x08, 0x00, 0x7f, 0xe7, 0xf9, 0xfc, 0x7c,
  0xff, 0xff, 0xff, 0xff, 0xff, 0xff, 0xff, 0xff, 0xff, 0x10, 0xfe, 0x1f, 0xe7, 0xe3, 0xf0, 0xf0,
  0xff, 0xff, 0xff, 0xff, 0xff, 0xff, 0xff, 0xff, 0xfe, 0x31, 0xff, 0x07, 0xe7, 0xe7, 0xe0, 0xc0,
  0xff, 0xff, 0xff, 0xff, 0xff, 0xff, 0xff, 0xff, 0xfe, 0x61, 0xff, 0x07, 0xe3, 0xf7, 0xe3, 0xc2,
  0xff, 0xff, 0xff, 0xff, 0xff, 0xff, 0xff, 0xff, 0xfe, 0x61, 0xff, 0x83, 0xe1, 0xff, 0x83, 0x86,
  0xff, 0xff, 0xff, 0xff, 0xff, 0xff, 0xff, 0xff, 0xfe, 0x23, 0xff, 0x83, 0xe1, 0xf3, 0x06, 0x0e,
  0xff, 0xff, 0xff, 0xff, 0xff, 0xff, 0xff, 0xff, 0xff, 0x03, 0xff, 0xc0, 0x00, 0x09, 0x0e, 0x0f,
  0xff, 0xff, 0xff, 0xff, 0xff, 0xff, 0xff, 0xff, 0xfe, 0x03, 0xff, 0xe7, 0x80, 0xf8, 0x1c, 0x1d,
  0xff, 0xff, 0xff, 0xff, 0xff, 0xff, 0xff, 0xff, 0xf8, 0x03, 0xc0, 0x00, 0xe1, 0xc6, 0x18, 0x3d,
  0xff, 0xff, 0xff, 0xff, 0xff, 0xff, 0xff, 0xff, 0xf0, 0xc3, 0x8f, 0x8c, 0x00, 0x0e, 0x18, 0x3d,
  0xff, 0xff, 0xff, 0xff, 0xff, 0xff, 0xff, 0xff, 0xf3, 0x82, 0x38, 0x47, 0xe4, 0xf0, 0x30, 0x71,
  0xff, 0xff, 0xff, 0xff, 0xff, 0xff, 0xff, 0xff, 0xe3, 0x00, 0x42, 0x18, 0x04, 0x03, 0x70, 0x71,
  0xff, 0xff, 0xff, 0xff, 0xff, 0xff, 0xff, 0xff, 0xe7, 0x00, 0x93, 0x1e, 0x04, 0x1f, 0x30, 0x71,
  0xff, 0xff, 0xff, 0xff, 0xff, 0xff, 0xff, 0xff, 0xe2, 0x01, 0x38, 0x3f, 0xc8, 0x7f, 0x10, 0xe3,
  0xff, 0xff, 0xff, 0xff, 0xff, 0xff, 0xff, 0xff, 0xe0, 0x00, 0x00, 0x3f, 0xc0, 0x7f, 0x80, 0xe3,
  0xff, 0xff, 0xff, 0xff, 0xff, 0xff, 0xff, 0xff, 0xf0, 0x00, 0xcf, 0x3f, 0xc2, 0x7f, 0x81, 0xc7,
  0xff, 0xff, 0xff, 0xff, 0xff, 0xff, 0xff, 0xff, 0xff, 0xff, 0xff, 0xff, 0xff, 0xff, 0xff, 0xff
};

//only word 
const uint8_t PROGMEM frame3[1024] = {
  0xff, 0xff, 0xff, 0xff, 0xff, 0xff, 0xff, 0xff, 0xff, 0xff, 0xff, 0xff, 0xff, 0xff, 0xff, 0xff,
  0xff, 0xff, 0xff, 0xff, 0xff, 0xff, 0xff, 0xff, 0xff, 0xff, 0xff, 0xff, 0xff, 0xff, 0xff, 0xff,
  0xff, 0xff, 0xff, 0xff, 0xff, 0xff, 0xff, 0xff, 0xff, 0xff, 0xff, 0xff, 0xff, 0xff, 0xff, 0xff,
  0xff, 0xff, 0xff, 0xff, 0xff, 0xff, 0xff, 0xff, 0xff, 0xff, 0xff, 0xff, 0xff, 0xff, 0xff, 0xff,
  0xff, 0xff, 0xff, 0xff, 0xff, 0xff, 0xff, 0xff, 0xff, 0xff, 0xff, 0xff, 0xff, 0xff, 0xff, 0xff,
  0xff, 0xff, 0xff, 0xff, 0xff, 0xff, 0xff, 0xff, 0xff, 0xff, 0xff, 0xff, 0xff, 0xff, 0xff, 0xff,
  0xff, 0xff, 0xff, 0xff, 0xff, 0xff, 0xff, 0xff, 0xff, 0xff, 0xff, 0xff, 0xff, 0xff, 0xff, 0xff,
  0xff, 0xff, 0xff, 0xff, 0xff, 0xff, 0xff, 0xff, 0xff, 0xff, 0xff, 0xff, 0xff, 0xff, 0xff, 0xff,
  0xff, 0xff, 0xff, 0xff, 0xff, 0xff, 0xff, 0xff, 0xff, 0xff, 0xff, 0xff, 0xff, 0xff, 0xff, 0xff,
  0xff, 0xff, 0xff, 0xff, 0xff, 0xff, 0xff, 0xff, 0xff, 0xff, 0xff, 0xff, 0xff, 0xff, 0xff, 0xff,
  0xff, 0xff, 0xff, 0xff, 0xff, 0xff, 0xff, 0xff, 0xff, 0xff, 0xff, 0xff, 0xff, 0xff, 0xff, 0xff,
  0xff, 0xff, 0xff, 0xff, 0xff, 0xff, 0xff, 0xff, 0xff, 0xff, 0xff, 0xff, 0xff, 0xff, 0xff, 0xff,
  0xff, 0xff, 0xff, 0xff, 0xff, 0xff, 0xff, 0xff, 0xff, 0xff, 0xff, 0xff, 0xff, 0xff, 0xff, 0xff,
  0xff, 0xff, 0xff, 0xff, 0xff, 0xff, 0xff, 0xff, 0xff, 0xff, 0xff, 0xff, 0xff, 0xff, 0xff, 0xff,
  0xff, 0xff, 0xff, 0xff, 0xff, 0xff, 0xff, 0xff, 0xff, 0xff, 0xff, 0xff, 0xff, 0xff, 0xff, 0xff,
  0xff, 0xff, 0xff, 0xff, 0xff, 0xff, 0xff, 0xff, 0xff, 0xff, 0xff, 0xff, 0xff, 0xff, 0xff, 0xff,
  0xff, 0xff, 0xff, 0xff, 0xff, 0xff, 0xff, 0xff, 0xff, 0xff, 0xff, 0xff, 0xff, 0xff, 0xff, 0xff,
  0xff, 0xff, 0xff, 0xff, 0xff, 0xff, 0xff, 0xff, 0xff, 0xff, 0xff, 0xff, 0xff, 0xff, 0xff, 0xff,
  0xff, 0xff, 0xff, 0xff, 0xff, 0xff, 0xff, 0xff, 0xff, 0xff, 0xff, 0xff, 0xff, 0xff, 0xff, 0xff,
  0xff, 0xff, 0xff, 0xff, 0xff, 0xff, 0xff, 0xff, 0xff, 0xff, 0xff, 0xff, 0xff, 0xff, 0xff, 0xff,
  0xff, 0xff, 0xff, 0xff, 0xff, 0xff, 0xff, 0xff, 0xff, 0xff, 0xff, 0xff, 0xff, 0xff, 0xff, 0xff,
  0xff, 0xff, 0xff, 0xff, 0xff, 0xff, 0xff, 0xff, 0xff, 0xff, 0xff, 0xff, 0xff, 0xff, 0xff, 0xff,
  0xff, 0xff, 0xff, 0xff, 0xff, 0xff, 0xff, 0xff, 0xff, 0xff, 0xff, 0xff, 0xff, 0xff, 0xff, 0xff,
  0xff, 0xff, 0xff, 0xff, 0xff, 0xff, 0xff, 0xff, 0xff, 0xff, 0xff, 0xff, 0xff, 0xff, 0xff, 0xff,
  0xff, 0xff, 0xff, 0xff, 0xff, 0xff, 0xff, 0xff, 0xff, 0xff, 0xff, 0xff, 0xff, 0xff, 0xff, 0xff,
  0xff, 0x1c, 0x38, 0x0e, 0x00, 0xc7, 0x0c, 0x70, 0xc7, 0x88, 0x06, 0x38, 0x60, 0x1c, 0x7f, 0xff,
  0xff, 0x18, 0x30, 0x06, 0x00, 0xc6, 0x0c, 0x70, 0xc7, 0x88, 0x06, 0x38, 0x40, 0x0c, 0x7f, 0xff,
  0xff, 0x18, 0x70, 0x06, 0x00, 0xc6, 0x1c, 0x70, 0xc3, 0x88, 0x06, 0x38, 0x40, 0x0c, 0x7f, 0xff,
  0xff, 0x10, 0xf1, 0xc6, 0x18, 0xc4, 0x3c, 0x70, 0xc3, 0x8f, 0x3e, 0x38, 0x43, 0x0c, 0x7f, 0xff,
  0xff, 0x00, 0xf1, 0xc6, 0x18, 0xc0, 0x3c, 0x70, 0xc1, 0x8f, 0x3e, 0x38, 0x43, 0x0c, 0x7f, 0xff,
  0xff, 0x01, 0xf1, 0xc6, 0x18, 0xc0, 0x7c, 0x70, 0xc0, 0x8f, 0x3e, 0x00, 0x43, 0x0c, 0x7f, 0xff,
  0xff, 0x00, 0xf1, 0xc6, 0x18, 0xc0, 0x3c, 0x70, 0xc0, 0x0f, 0x3e, 0x00, 0x43, 0x0c, 0x7f, 0xff,
  0xff, 0x00, 0xf1, 0xc6, 0x00, 0xc0, 0x3c, 0x70, 0xc0, 0x0f, 0x3e, 0x00, 0x43, 0x0c, 0x7f, 0xff,
  0xff, 0x00, 0xf0, 0x06, 0x03, 0xc0, 0x3c, 0x70, 0xc4, 0x0f, 0x3e, 0x38, 0x40, 0x0c, 0x7f, 0xff,
  0xff, 0x08, 0x70, 0x06, 0x01, 0xc2, 0x1c, 0x70, 0xc4, 0x0f, 0x3e, 0x38, 0x40, 0x0c, 0x7f, 0xff,
  0xff, 0x18, 0x70, 0x06, 0x00, 0xc6, 0x1c, 0x70, 0xc6, 0x0f, 0x3e, 0x38, 0x40, 0x0c, 0x03, 0xff,
  0xff, 0x1c, 0x71, 0xc6, 0x10, 0xc7, 0x1c, 0x00, 0xc6, 0x0f, 0x3e, 0x38, 0x43, 0x0c, 0x03, 0xff,
  0xff, 0x1c, 0x31, 0xc6, 0x18, 0x47, 0x0c, 0x00, 0xc7, 0x0f, 0x3e, 0x38, 0x43, 0x0c, 0x03, 0xff,
  0xff, 0x1c, 0x31, 0xc6, 0x18, 0x47, 0x0e, 0x01, 0xc7, 0x0f, 0x3e, 0x38, 0x43, 0x0c, 0x03, 0xff,
  0xff, 0xff, 0xff, 0xff, 0xff, 0xff, 0xff, 0xff, 0xff, 0xff, 0xff, 0xff, 0xff, 0xff, 0xff, 0xff,
  0xff, 0xff, 0xff, 0xff, 0xff, 0xff, 0xff, 0xff, 0xff, 0xff, 0xff, 0xff, 0xff, 0xff, 0xff, 0xff,
  0xff, 0xff, 0xff, 0xff, 0xff, 0xff, 0xff, 0xff, 0xff, 0xff, 0xff, 0xff, 0xff, 0xff, 0xff, 0xff,
  0xff, 0xff, 0xff, 0xff, 0xff, 0xff, 0xff, 0xff, 0xff, 0xff, 0xff, 0xff, 0xff, 0xff, 0xff, 0xff,
  0xff, 0xff, 0xff, 0xff, 0xff, 0xff, 0xff, 0xff, 0xff, 0xff, 0xff, 0xff, 0xff, 0xff, 0xff, 0xff,
  0xff, 0xff, 0xff, 0xff, 0xff, 0xff, 0xff, 0xff, 0xff, 0xff, 0xff, 0xff, 0xff, 0xff, 0xff, 0xff,
  0xff, 0xff, 0xff, 0xff, 0xff, 0xff, 0xff, 0xff, 0xff, 0xff, 0xff, 0xff, 0xff, 0xff, 0xff, 0xff,
  0xff, 0xff, 0xff, 0xff, 0xff, 0xff, 0xff, 0xff, 0xff, 0xff, 0xff, 0xff, 0xff, 0xff, 0xff, 0xff,
  0xff, 0xff, 0xff, 0xff, 0xff, 0xff, 0xff, 0xff, 0xff, 0xff, 0xff, 0xff, 0xff, 0xff, 0xff, 0xff,
  0xff, 0xff, 0xff, 0xff, 0xff, 0xff, 0xff, 0xff, 0xff, 0xff, 0xff, 0xff, 0xff, 0xff, 0xff, 0xff,
  0xff, 0xff, 0xff, 0xff, 0xff, 0xff, 0xff, 0xff, 0xff, 0xff, 0xff, 0xff, 0xff, 0xff, 0xff, 0xff,
  0xff, 0xff, 0xff, 0xff, 0xff, 0xff, 0xff, 0xff, 0xff, 0xff, 0xff, 0xff, 0xff, 0xff, 0xff, 0xff,
  0xff, 0xff, 0xff, 0xff, 0xff, 0xff, 0xff, 0xff, 0xff, 0xff, 0xff, 0xff, 0xff, 0xff, 0xff, 0xff,
  0xff, 0xff, 0xff, 0xff, 0xff, 0xff, 0xff, 0xff, 0xff, 0xff, 0xff, 0xff, 0xff, 0xff, 0xff, 0xff,
  0xff, 0xff, 0xff, 0xff, 0xff, 0xff, 0xff, 0xff, 0xff, 0xff, 0xff, 0xff, 0xff, 0xff, 0xff, 0xff,
  0xff, 0xff, 0xff, 0xff, 0xff, 0xff, 0xff, 0xff, 0xff, 0xff, 0xff, 0xff, 0xff, 0xff, 0xff, 0xff,
  0xff, 0xff, 0xff, 0xff, 0xff, 0xff, 0xff, 0xff, 0xff, 0xff, 0xff, 0xff, 0xff, 0xff, 0xff, 0xff,
  0xff, 0xff, 0xff, 0xff, 0xff, 0xff, 0xff, 0xff, 0xff, 0xff, 0xff, 0xff, 0xff, 0xff, 0xff, 0xff,
  0xff, 0xff, 0xff, 0xff, 0xff, 0xff, 0xff, 0xff, 0xff, 0xff, 0xff, 0xff, 0xff, 0xff, 0xff, 0xff,
  0xff, 0xff, 0xff, 0xff, 0xff, 0xff, 0xff, 0xff, 0xff, 0xff, 0xff, 0xff, 0xff, 0xff, 0xff, 0xff,
  0xff, 0xff, 0xff, 0xff, 0xff, 0xff, 0xff, 0xff, 0xff, 0xff, 0xff, 0xff, 0xff, 0xff, 0xff, 0xff,
  0xff, 0xff, 0xff, 0xff, 0xff, 0xff, 0xff, 0xff, 0xff, 0xff, 0xff, 0xff, 0xff, 0xff, 0xff, 0xff,
  0xff, 0xff, 0xff, 0xff, 0xff, 0xff, 0xff, 0xff, 0xff, 0xff, 0xff, 0xff, 0xff, 0xff, 0xff, 0xff,
  0xff, 0xff, 0xff, 0xff, 0xff, 0xff, 0xff, 0xff, 0xff, 0xff, 0xff, 0xff, 0xff, 0xff, 0xff, 0xff,
  0xff, 0xff, 0xff, 0xff, 0xff, 0xff, 0xff, 0xff, 0xff, 0xff, 0xff, 0xff, 0xff, 0xff, 0xff, 0xff
};

//couple frame
const uint8_t PROGMEM frame4[1024] = {
  0xff, 0xff, 0xff, 0x1c, 0x30, 0x38, 0xe2, 0x01, 0xe0, 0x70, 0x0e, 0x01, 0xc0, 0xff, 0xff, 0xff,
  0xff, 0xff, 0xff, 0x18, 0x60, 0x18, 0x62, 0x00, 0xc0, 0x30, 0x06, 0x00, 0x80, 0x7f, 0xff, 0xff,
  0xff, 0xff, 0xff, 0x10, 0xe0, 0x08, 0x62, 0x00, 0xc0, 0x10, 0x06, 0x00, 0x80, 0x7f, 0xff, 0xff,
  0xff, 0xff, 0xff, 0x11, 0xe3, 0x08, 0x22, 0x38, 0xc6, 0x10, 0xc6, 0x38, 0x84, 0x7f, 0xff, 0xff,
  0xff, 0xff, 0xff, 0x01, 0xe3, 0x08, 0x02, 0x38, 0xc6, 0x10, 0xc6, 0x38, 0x84, 0x7f, 0xff, 0xff,
  0xff, 0xff, 0xff, 0x01, 0xe3, 0x08, 0x02, 0x38, 0xc6, 0x10, 0xc6, 0x38, 0x84, 0x7f, 0xff, 0xff,
  0xff, 0xff, 0xff, 0x01, 0xe3, 0x08, 0x02, 0x38, 0xc2, 0x10, 0x06, 0x38, 0x84, 0x7f, 0xff, 0xff,
  0xff, 0xff, 0xff, 0x01, 0xe0, 0x08, 0x02, 0x38, 0xc0, 0x10, 0x06, 0x38, 0x84, 0x7f, 0xff, 0xff,
  0xff, 0xff, 0xff, 0x00, 0xe0, 0x08, 0x42, 0x38, 0xc0, 0x10, 0x0e, 0x38, 0x84, 0x7f, 0xff, 0xff,
  0xff, 0xff, 0xff, 0x18, 0xe0, 0x08, 0x42, 0x18, 0xc0, 0x10, 0xfe, 0x30, 0x84, 0x7f, 0xff, 0xff,
  0xff, 0xff, 0xff, 0x18, 0x63, 0x08, 0x42, 0x00, 0xc6, 0x10, 0xfe, 0x00, 0x80, 0x7f, 0xff, 0xff,
  0xff, 0xff, 0xff, 0x18, 0x63, 0x08, 0x62, 0x00, 0xc6, 0x10, 0xfe, 0x00, 0x80, 0x7f, 0xff, 0xff,
  0xff, 0xff, 0xff, 0x1c, 0x63, 0x08, 0x63, 0x00, 0xc6, 0x10, 0xff, 0x01, 0xc0, 0xff, 0xff, 0xff,
  0xff, 0xff, 0xff, 0xff, 0xff, 0xff, 0xff, 0xff, 0xff, 0xff, 0xff, 0xfe, 0x7f, 0xff, 0xff, 0xff,
  0xff, 0xff, 0xff, 0xff, 0xff, 0xff, 0xff, 0xff, 0xff, 0xff, 0xf8, 0x00, 0x03, 0xff, 0xff, 0xff,
  0xff, 0xff, 0xff, 0xf8, 0x7f, 0xff, 0xff, 0xff, 0xff, 0xff, 0xf0, 0xc0, 0x01, 0xff, 0xff, 0xff,
  0xff, 0xff, 0xff, 0xf0, 0x3f, 0xff, 0xff, 0xff, 0xff, 0xff, 0xe3, 0x80, 0x00, 0xff, 0xff, 0xff,
  0xff, 0xff, 0xff, 0x03, 0xff, 0xef, 0xff, 0xff, 0xff, 0xff, 0xce, 0x00, 0x06, 0x3f, 0xff, 0xff,
  0xff, 0xff, 0xfe, 0x04, 0x00, 0x0f, 0x7f, 0xff, 0xff, 0xff, 0x08, 0x00, 0x03, 0x1f, 0xff, 0xff,
  0xff, 0xff, 0x9c, 0xc0, 0x00, 0x0e, 0x7f, 0xff, 0xff, 0xff, 0x00, 0x00, 0x01, 0x8f, 0xff, 0xff,
  0xff, 0xff, 0x31, 0x80, 0x00, 0x00, 0x7f, 0xff, 0xff, 0xfe, 0x20, 0x00, 0x00, 0x8f, 0xff, 0xff,
  0xff, 0xfe, 0x23, 0x00, 0x1e, 0x00, 0x7f, 0xff, 0xff, 0xfe, 0x60, 0x00, 0x00, 0xcf, 0xff, 0xff,
  0xff, 0xfe, 0x26, 0x00, 0x03, 0x80, 0x7f, 0xff, 0xff, 0xfc, 0x40, 0x10, 0x00, 0x07, 0xff, 0xff,
  0xff, 0xfe, 0x04, 0x00, 0x01, 0xe0, 0x0f, 0xff, 0xff, 0xfc, 0x00, 0x30, 0x00, 0x03, 0xff, 0xff,
  0xff, 0xfe, 0x00, 0x00, 0x00, 0x78, 0x0f, 0xff, 0xff, 0xf8, 0x00, 0x20, 0x00, 0x01, 0xff, 0xff,
  0xff, 0xf0, 0x00, 0x00, 0x00, 0x1f, 0x03, 0xff, 0xff, 0xf2, 0x00, 0x40, 0x00, 0x01, 0xff, 0xff,
  0xff, 0xe1, 0x80, 0x00, 0x00, 0x00, 0x01, 0xff, 0xff, 0xf2, 0x00, 0xc0, 0x00, 0x05, 0xff, 0xff,
  0xff, 0xc6, 0x02, 0x00, 0x00, 0x00, 0x01, 0xff, 0xff, 0xf2, 0x01, 0x80, 0x00, 0x84, 0xff, 0xff,
  0xff, 0x8c, 0x0e, 0x00, 0x00, 0x00, 0x01, 0xff, 0xff, 0xe0, 0x03, 0x00, 0x00, 0x84, 0xff, 0xff,
  0xff, 0xb8, 0x18, 0x00, 0x00, 0x30, 0x05, 0xff, 0xff, 0xe8, 0x06, 0x00, 0x00, 0x06, 0xff, 0xff,
  0xff, 0xf0, 0x30, 0x00, 0x00, 0x0c, 0x03, 0xff, 0xff, 0xe0, 0x06, 0x00, 0x00, 0x06, 0xff, 0xff,
  0xff, 0xe0, 0x30, 0x00, 0x00, 0x0e, 0x03, 0xff, 0xff, 0xc0, 0x0c, 0x06, 0x00, 0x04, 0xff, 0xff,
  0xff, 0xc0, 0x60, 0x00, 0x00, 0x03, 0x01, 0xff, 0xff, 0xc0, 0x00, 0x18, 0x00, 0x00, 0xff, 0xff,
  0xff, 0x84, 0x40, 0x00, 0x00, 0x41, 0x81, 0xff, 0xff, 0xc0, 0x00, 0x70, 0x00, 0x21, 0xff, 0xff,
  0xff, 0x88, 0x40, 0x00, 0x00, 0x60, 0x81, 0xff, 0xff, 0xc0, 0x80, 0x40, 0x02, 0x23, 0xff, 0xff,
  0xfe, 0x18, 0x00, 0x00, 0x00, 0x60, 0x89, 0xff, 0xff, 0xe0, 0xc0, 0x00, 0x0c, 0x47, 0xff, 0xff,
  0xfe, 0x10, 0x00, 0x00, 0x80, 0x70, 0x09, 0xff, 0xff, 0xe0, 0xc0, 0x00, 0x18, 0x07, 0xff, 0xff,
  0xff, 0xb0, 0x00, 0x01, 0x80, 0x88, 0x0b, 0xff, 0xff, 0xe7, 0xf0, 0x00, 0x70, 0x27, 0xff, 0xff,
  0xff, 0xa0, 0x00, 0x03, 0x00, 0x6c, 0x0f, 0xff, 0xff, 0xe7, 0x30, 0x03, 0xc2, 0x27, 0xff, 0xff,
  0xff, 0x80, 0x00, 0x06, 0x00, 0xfc, 0x1f, 0xff, 0xff, 0xe7, 0xa0, 0x3c, 0x01, 0x33, 0xff, 0xff,
  0xff, 0x80, 0x00, 0x04, 0x01, 0x9c, 0x3f, 0xff, 0xff, 0xc3, 0xe0, 0x70, 0x0f, 0x79, 0xff, 0xff,
  0xff, 0x80, 0x00, 0x00, 0x03, 0x0a, 0x7f, 0xff, 0xff, 0xc3, 0xa0, 0x00, 0x26, 0x79, 0xff, 0xff,
  0xff, 0x80, 0x00, 0x00, 0x26, 0x4c, 0x7f, 0xff, 0xff, 0x81, 0x00, 0x00, 0x20, 0xf9, 0xff, 0xff,
  0xff, 0x80, 0x00, 0x00, 0x6c, 0xcc, 0xfc, 0xff, 0xff, 0x80, 0x00, 0x00, 0x30, 0xf9, 0xff, 0xff,
  0xff, 0x80, 0x00, 0x00, 0xf9, 0xcc, 0xf9, 0xff, 0xff, 0x80, 0x78, 0x08, 0x30, 0x7b, 0xff, 0xff,
  0xff, 0xe0, 0x00, 0x00, 0xfd, 0xce, 0x7b, 0xff, 0xff, 0x10, 0x78, 0x10, 0x26, 0x73, 0xff, 0xff,
  0xff, 0xf8, 0x00, 0x10, 0x7f, 0xcf, 0xbe, 0xff, 0xff, 0x50, 0xd8, 0x40, 0x00, 0x37, 0xff, 0xff,
  0xff, 0xf8, 0x00, 0x38, 0x7f, 0xff, 0xbc, 0x7f, 0xff, 0x40, 0xf8, 0x00, 0x47, 0x7f, 0xff, 0xff,
  0xff, 0xfc, 0x00, 0xce, 0x3d, 0x7f, 0xbf, 0xff, 0xff, 0x40, 0xd8, 0x00, 0x47, 0xf7, 0xff, 0xff,
  0xff, 0xfc, 0x00, 0xe7, 0xbd, 0x7f, 0xbf, 0xff, 0xff, 0x20, 0x00, 0x00, 0x67, 0xff, 0xff, 0xff,
  0xff, 0xff, 0x00, 0xe7, 0xff, 0xff, 0x1f, 0xff, 0xff, 0x00, 0x00, 0x40, 0x73, 0xff, 0xff, 0xff,
  0xff, 0xff, 0x00, 0x7f, 0xff, 0xff, 0x4f, 0xff, 0xff, 0x1c, 0x1f, 0x00, 0xf8, 0x0f, 0xff, 0xff,
  0xff, 0xff, 0x00, 0x3f, 0xff, 0xfe, 0x4f, 0xff, 0xfe, 0x7c, 0x70, 0x04, 0xf8, 0x81, 0xff, 0xff,
  0xff, 0xfc, 0x10, 0x00, 0x7f, 0xfc, 0xcf, 0xff, 0xfc, 0xfe, 0x00, 0x05, 0xf9, 0x98, 0xff, 0xff,
  0xff, 0xf0, 0x30, 0x00, 0x3f, 0xf1, 0xcf, 0xff, 0xfc, 0xe7, 0x00, 0x09, 0xf9, 0x30, 0x7f, 0xff,
  0xff, 0x00, 0x20, 0x03, 0x04, 0x03, 0xdf, 0xff, 0xf8, 0x7f, 0x00, 0x0b, 0xf3, 0x27, 0x3f, 0xff,
  0xfe, 0x00, 0x20, 0x4f, 0xe0, 0x0f, 0x9f, 0xff, 0xf0, 0x3a, 0x00, 0x13, 0xf6, 0x67, 0x3f, 0xff,
  0xfc, 0x00, 0x20, 0x6f, 0xf0, 0x3f, 0x9f, 0xff, 0xe6, 0x38, 0x06, 0x07, 0xe4, 0xcf, 0x3f, 0xff,
  0xf8, 0x00, 0x20, 0x3f, 0xf9, 0xfe, 0x3f, 0xff, 0xec, 0x30, 0x18, 0x0f, 0xc8, 0x9f, 0xbf, 0xff,
  0xf8, 0x40, 0x30, 0x1f, 0xf9, 0xfc, 0x7f, 0xff, 0xc8, 0x06, 0x00, 0x1f, 0xc9, 0x9f, 0x9f, 0xff,
  0xf8, 0x70, 0x10, 0x1f, 0xf0, 0xfc, 0x3f, 0xff, 0xc8, 0x0e, 0x00, 0x1f, 0xdb, 0x3f, 0xdf, 0xff,
  0xf8, 0x30, 0x10, 0x0f, 0xe0, 0x7e, 0x1f, 0xff, 0xc0, 0x1b, 0x00, 0x1f, 0xb7, 0x3f, 0xdf, 0xff,
  0xf8, 0x18, 0x10, 0x07, 0xc0, 0x7e, 0x0f, 0xff, 0xc0, 0x0f, 0x02, 0x1f, 0x37, 0x7f, 0xdf, 0xff,
  0xf8, 0x0c, 0x10, 0xf3, 0xc0, 0x7e, 0x0f, 0xff, 0xc0, 0x06, 0x02, 0x1e, 0x26, 0x7f, 0xdf, 0xff
};


//blank frame
const uint8_t frame5[] PROGMEM = {
  0x00, 0x00, 0x00, 0x00, 0x00, 0x00, 0x00, 0x00, 0x00, 0x00, 0x00, 0x00, 0x00, 0x00, 0x00, 0x00,
  0x00, 0x00, 0x00, 0x00, 0x00, 0x00, 0x00, 0x00, 0x00, 0x00, 0x00, 0x00, 0x00, 0x00, 0x00, 0x00,
  0x00, 0x00, 0x00, 0x00, 0x00, 0x00, 0x00, 0x00, 0x00, 0x00, 0x00, 0x00, 0x00, 0x00, 0x00, 0x00,
  0x00, 0x00, 0x00, 0x00, 0x00, 0x00, 0x00, 0x00, 0x00, 0x00, 0x00, 0x00, 0x00, 0x00, 0x00, 0x00,
  0x00, 0x00, 0x00, 0x00, 0x00, 0x00, 0x00, 0x00, 0x00, 0x00, 0x00, 0x00, 0x00, 0x00, 0x00, 0x00,
  0x00, 0x00, 0x00, 0x00, 0x00, 0x00, 0x00, 0x00, 0x00, 0x00, 0x00, 0x00, 0x00, 0x00, 0x00, 0x00,
  0x00, 0x00, 0x00, 0x00, 0x00, 0x00, 0x00, 0x00, 0x00, 0x00, 0x00, 0x00, 0x00, 0x00, 0x00, 0x00,
  0x00, 0x00, 0x00, 0x00, 0x00, 0x00, 0x00, 0x00, 0x00, 0x00, 0x00, 0x00, 0x00, 0x00, 0x00, 0x00,
  0x00, 0x00, 0x00, 0x00, 0x00, 0x00, 0x00, 0x00, 0x00, 0x00, 0x00, 0x00, 0x00, 0x00, 0x00, 0x00,
  0x00, 0x00, 0x00, 0x00, 0x00, 0x00, 0x00, 0x00, 0x00, 0x00, 0x00, 0x00, 0x00, 0x00, 0x00, 0x00,
  0x00, 0x00, 0x00, 0x00, 0x00, 0x00, 0x00, 0x00, 0x00, 0x00, 0x00, 0x00, 0x00, 0x00, 0x00, 0x00,
  0x00, 0x00, 0x00, 0x00, 0x00, 0x00, 0x00, 0x00, 0x00, 0x00, 0x00, 0x00, 0x00, 0x00, 0x00, 0x00,
  0x00, 0x00, 0x00, 0x00, 0x00, 0x00, 0x00, 0x00, 0x00, 0x00, 0x00, 0x00, 0x00, 0x00, 0x00, 0x00,
  0x00, 0x00, 0x00, 0x00, 0x00, 0x00, 0x00, 0x00, 0x00, 0x00, 0x00, 0x00, 0x00, 0x00, 0x00, 0x00,
  0x00, 0x00, 0x00, 0x00, 0x00, 0x00, 0x00, 0x00, 0x00, 0x00, 0x00, 0x00, 0x00, 0x00, 0x00, 0x00,
  0x00, 0x00, 0x00, 0x00, 0x00, 0x00, 0x00, 0x00, 0x00, 0x00, 0x00, 0x00, 0x00, 0x00, 0x00, 0x00,
  0x00, 0x00, 0x00, 0x00, 0x00, 0x00, 0x00, 0x00, 0x00, 0x00, 0x00, 0x00, 0x00, 0x00, 0x00, 0x00,
  0x00, 0x00, 0x00, 0x00, 0x00, 0x00, 0x00, 0x00, 0x00, 0x00, 0x00, 0x00, 0x00, 0x00, 0x00, 0x00,
  0x00, 0x00, 0x00, 0x00, 0x00, 0x00, 0x00, 0x00, 0x00, 0x00, 0x00, 0x00, 0x00, 0x00, 0x00, 0x00,
  0x00, 0x00, 0x00, 0x00, 0x00, 0x00, 0x00, 0x00, 0x00, 0x00, 0x00, 0x00, 0x00, 0x00, 0x00, 0x00,
  0x00, 0x00, 0x00, 0x00, 0x00, 0x00, 0x00, 0x00, 0x00, 0x00, 0x00, 0x00, 0x00, 0x00, 0x00, 0x00,
  0x00, 0x00, 0x00, 0x00, 0x00, 0x00, 0x00, 0x00, 0x00, 0x00, 0x00, 0x00, 0x00, 0x00, 0x00, 0x00,
  0x00, 0x00, 0x00, 0x00, 0x00, 0x00, 0x00, 0x00, 0x00, 0x00, 0x00, 0x00, 0x00, 0x00, 0x00, 0x00,
  0x00, 0x00, 0x00, 0x00, 0x00, 0x00, 0x00, 0x00, 0x00, 0x00, 0x00, 0x00, 0x00, 0x00, 0x00, 0x00,
  0x00, 0x00, 0x00, 0x00, 0x00, 0x00, 0x00, 0x00, 0x00, 0x00, 0x00, 0x00, 0x00, 0x00, 0x00, 0x00,
  0x00, 0x00, 0x00, 0x00, 0x00, 0x00, 0x00, 0x00, 0x00, 0x00, 0x00, 0x00, 0x00, 0x00, 0x00, 0x00,
  0x00, 0x00, 0x00, 0x00, 0x00, 0x00, 0x00, 0x00, 0x00, 0x00, 0x00, 0x00, 0x00, 0x00, 0x00, 0x00,
  0x00, 0x00, 0x00, 0x00, 0x00, 0x00, 0x00, 0x00, 0x00, 0x00, 0x00, 0x00, 0x00, 0x00, 0x00, 0x00,
  0x00, 0x00, 0x00, 0x00, 0x00, 0x00, 0x00, 0x00, 0x00, 0x00, 0x00, 0x00, 0x00, 0x00, 0x00, 0x00,
  0x00, 0x00, 0x00, 0x00, 0x00, 0x00, 0x00, 0x00, 0x00, 0x00, 0x00, 0x00, 0x00, 0x00, 0x00, 0x00,
  0x00, 0x00, 0x00, 0x00, 0x00, 0x00, 0x00, 0x00, 0x00, 0x00, 0x00, 0x00, 0x00, 0x00, 0x00, 0x00,
  0x00, 0x00, 0x00, 0x00, 0x00, 0x00, 0x00, 0x00, 0x00, 0x00, 0x00, 0x00, 0x00, 0x00, 0x00, 0x00,
  0x00, 0x00, 0x00, 0x00, 0x00, 0x00, 0x00, 0x00, 0x00, 0x00, 0x00, 0x00, 0x00, 0x00, 0x00, 0x00,
  0x00, 0x00, 0x00, 0x00, 0x00, 0x00, 0x00, 0x00, 0x00, 0x00, 0x00, 0x00, 0x00, 0x00, 0x00, 0x00,
  0x00, 0x00, 0x00, 0x00, 0x00, 0x00, 0x00, 0x00, 0x00, 0x00, 0x00, 0x00, 0x00, 0x00, 0x00, 0x00,
  0x00, 0x00, 0x00, 0x00, 0x00, 0x00, 0x00, 0x00, 0x00, 0x00, 0x00, 0x00, 0x00, 0x00, 0x00, 0x00,
  0x00, 0x00, 0x00, 0x00, 0x00, 0x00, 0x00, 0x00, 0x00, 0x00, 0x00, 0x00, 0x00, 0x00, 0x00, 0x00,
  0x00, 0x00, 0x00, 0x00, 0x00, 0x00, 0x00, 0x00, 0x00, 0x00, 0x00, 0x00, 0x00, 0x00, 0x00, 0x00,
  0x00, 0x00, 0x00, 0x00, 0x00, 0x00, 0x00, 0x00, 0x00, 0x00, 0x00, 0x00, 0x00, 0x00, 0x00, 0x00,
  0x00, 0x00, 0x00, 0x00, 0x00, 0x00, 0x00, 0x00, 0x00, 0x00, 0x00, 0x00, 0x00, 0x00, 0x00, 0x00,
  0x00, 0x00, 0x00, 0x00, 0x00, 0x00, 0x00, 0x00, 0x00, 0x00, 0x00, 0x00, 0x00, 0x00, 0x00, 0x00,
  0x00, 0x00, 0x00, 0x00, 0x00, 0x00, 0x00, 0x00, 0x00, 0x00, 0x00, 0x00, 0x00, 0x00, 0x00, 0x00,
  0x00, 0x00, 0x00, 0x00, 0x00, 0x00, 0x00, 0x00, 0x00, 0x00, 0x00, 0x00, 0x00, 0x00, 0x00, 0x00,
  0x00, 0x00, 0x00, 0x00, 0x00, 0x00, 0x00, 0x00, 0x00, 0x00, 0x00, 0x00, 0x00, 0x00, 0x00, 0x00,
  0x00, 0x00, 0x00, 0x00, 0x00, 0x00, 0x00, 0x00, 0x00, 0x00, 0x00, 0x00, 0x00, 0x00, 0x00, 0x00,
  0x00, 0x00, 0x00, 0x00, 0x00, 0x00, 0x00, 0x00, 0x00, 0x00, 0x00, 0x00, 0x00, 0x00, 0x00, 0x00,
  0x00, 0x00, 0x00, 0x00, 0x00, 0x00, 0x00, 0x00, 0x00, 0x00, 0x00, 0x00, 0x00, 0x00, 0x00, 0x00,
  0x00, 0x00, 0x00, 0x00, 0x00, 0x00, 0x00, 0x00, 0x00, 0x00, 0x00, 0x00, 0x00, 0x00, 0x00, 0x00,
  0x00, 0x00, 0x00, 0x00, 0x00, 0x00, 0x00, 0x00, 0x00, 0x00, 0x00, 0x00, 0x00, 0x00, 0x00, 0x00,
  0x00, 0x00, 0x00, 0x00, 0x00, 0x00, 0x00, 0x00, 0x00, 0x00, 0x00, 0x00, 0x00, 0x00, 0x00, 0x00,
  0x00, 0x00, 0x00, 0x00, 0x00, 0x00, 0x00, 0x00, 0x00, 0x00, 0x00, 0x00, 0x00, 0x00, 0x00, 0x00,
  0x00, 0x00, 0x00, 0x00, 0x00, 0x00, 0x00, 0x00, 0x00, 0x00, 0x00, 0x00, 0x00, 0x00, 0x00, 0x00,
  0x00, 0x00, 0x00, 0x00, 0x00, 0x00, 0x00, 0x00, 0x00, 0x00, 0x00, 0x00, 0x00, 0x00, 0x00, 0x00,
  0x00, 0x00, 0x00, 0x00, 0x00, 0x00, 0x00, 0x00, 0x00, 0x00, 0x00, 0x00, 0x00, 0x00, 0x00, 0x00,
  0x00, 0x00, 0x00, 0x00, 0x00, 0x00, 0x00, 0x00, 0x00, 0x00, 0x00, 0x00, 0x00, 0x00, 0x00, 0x00,
  0x00, 0x00, 0x00, 0x00, 0x00, 0x00, 0x00, 0x00, 0x00, 0x00, 0x00, 0x00, 0x00, 0x00, 0x00, 0x00,
  0x00, 0x00, 0x00, 0x00, 0x00, 0x00, 0x00, 0x00, 0x00, 0x00, 0x00, 0x00, 0x00, 0x00, 0x00, 0x00,
  0x00, 0x00, 0x00, 0x00, 0x00, 0x00, 0x00, 0x00, 0x00, 0x00, 0x00, 0x00, 0x00, 0x00, 0x00, 0x00,
  0x00, 0x00, 0x00, 0x00, 0x00, 0x00, 0x00, 0x00, 0x00, 0x00, 0x00, 0x00, 0x00, 0x00, 0x00, 0x00,
  0x00, 0x00, 0x00, 0x00, 0x00, 0x00, 0x00, 0x00, 0x00, 0x00, 0x00, 0x00, 0x00, 0x00, 0x00, 0x00,
  0x00, 0x00, 0x00, 0x00, 0x00, 0x00, 0x00, 0x00, 0x00, 0x00, 0x00, 0x00, 0x00, 0x00, 0x00, 0x00,
  0x00, 0x00, 0x00, 0x00, 0x00, 0x00, 0x00, 0x00, 0x00, 0x00, 0x00, 0x00, 0x00, 0x00, 0x00, 0x00,
  0x00, 0x00, 0x00, 0x00, 0x00, 0x00, 0x00, 0x00, 0x00, 0x00, 0x00, 0x00, 0x00, 0x00, 0x00, 0x00,
  0x00, 0x00, 0x00, 0x00, 0x00, 0x00, 0x00, 0x00, 0x00, 0x00, 0x00, 0x00, 0x00, 0x00, 0x00, 0x00
};

//wait
const uint8_t frame6[] PROGMEM = {
  0x00, 0x00, 0x00, 0x00, 0x00, 0x00, 0x00, 0x00, 0x00, 0x00, 0x00, 0x00, 0x00, 0x00, 0x00, 0x00,
  0x00, 0x00, 0x00, 0x00, 0x00, 0x00, 0x00, 0x00, 0x00, 0x00, 0x00, 0x00, 0x00, 0x00, 0x00, 0x00,
  0x00, 0x00, 0x00, 0x00, 0x00, 0x00, 0x00, 0x00, 0x00, 0x00, 0x00, 0x00, 0x00, 0x00, 0x00, 0x00,
  0x00, 0x00, 0x00, 0x00, 0x00, 0x00, 0x00, 0x00, 0x00, 0x00, 0x00, 0x00, 0x00, 0x00, 0x00, 0x00,
  0x00, 0x00, 0x00, 0x00, 0x00, 0x00, 0x00, 0x00, 0x00, 0x00, 0x00, 0x00, 0x00, 0x00, 0x00, 0x00,
  0x00, 0x00, 0x00, 0x00, 0x00, 0x00, 0x00, 0x00, 0x00, 0x00, 0x00, 0x00, 0x00, 0x00, 0x00, 0x00,
  0x00, 0x00, 0x00, 0x00, 0x00, 0x00, 0x00, 0x00, 0x00, 0x00, 0x00, 0x00, 0x00, 0x00, 0x00, 0x00,
  0x00, 0x00, 0x00, 0x00, 0x00, 0x00, 0x00, 0x00, 0x00, 0x00, 0x00, 0x00, 0x00, 0x00, 0x00, 0x00,
  0x00, 0x00, 0x00, 0x00, 0x00, 0x00, 0x00, 0x00, 0x00, 0x00, 0x00, 0x00, 0x00, 0x00, 0x00, 0x00,
  0x00, 0x00, 0x00, 0x00, 0x00, 0x00, 0x00, 0x00, 0x00, 0x00, 0x00, 0x00, 0x00, 0x00, 0x00, 0x00,
  0x00, 0x00, 0x00, 0x00, 0x00, 0x00, 0x00, 0x00, 0x00, 0x00, 0x00, 0x00, 0x00, 0x00, 0x00, 0x00,
  0x00, 0x00, 0x00, 0x00, 0x00, 0x00, 0x00, 0x00, 0x00, 0x00, 0x00, 0x00, 0x00, 0x00, 0x00, 0x00,
  0x00, 0x00, 0x00, 0x00, 0x00, 0x00, 0x00, 0x00, 0x00, 0x00, 0x00, 0x00, 0x00, 0x00, 0x00, 0x00,
  0x00, 0x00, 0x00, 0x00, 0x00, 0x00, 0x00, 0x00, 0x00, 0x00, 0x00, 0x00, 0x00, 0x00, 0x00, 0x00,
  0x00, 0x00, 0x00, 0x00, 0x00, 0x00, 0x00, 0x00, 0x00, 0x00, 0x00, 0x00, 0x00, 0x00, 0x00, 0x00,
  0x00, 0x00, 0x00, 0x00, 0x00, 0x00, 0x00, 0x00, 0x00, 0x00, 0x00, 0x00, 0x00, 0x00, 0x00, 0x00,
  0x00, 0x00, 0x00, 0x00, 0x00, 0x00, 0x00, 0x00, 0x00, 0x00, 0x00, 0x00, 0x00, 0x00, 0x00, 0x00,
  0x00, 0x00, 0x00, 0x00, 0x00, 0x00, 0x00, 0x00, 0x00, 0x00, 0x00, 0x00, 0x00, 0x00, 0x00, 0x00,
  0x00, 0x00, 0x00, 0x00, 0x00, 0x00, 0x00, 0x00, 0x00, 0x00, 0x00, 0x00, 0x00, 0x00, 0x00, 0x00,
  0x00, 0x00, 0x00, 0x00, 0x00, 0x00, 0x00, 0x00, 0x00, 0x00, 0x00, 0x00, 0x00, 0x00, 0x00, 0x00,
  0x00, 0x00, 0x00, 0x00, 0x00, 0x00, 0x00, 0x00, 0x00, 0x00, 0x00, 0x00, 0x00, 0x00, 0x00, 0x00,
  0x00, 0x00, 0x00, 0x00, 0x00, 0x00, 0x00, 0x00, 0x00, 0x00, 0x00, 0x00, 0x00, 0x00, 0x00, 0x00,
  0x00, 0x00, 0x00, 0x00, 0x00, 0x00, 0x00, 0x00, 0x00, 0x00, 0x00, 0x00, 0x00, 0x00, 0x00, 0x00,
  0x00, 0x00, 0x00, 0x00, 0x00, 0x00, 0x00, 0x00, 0x00, 0x00, 0x00, 0x00, 0x00, 0x00, 0x00, 0x00,
  0x00, 0x00, 0x00, 0x00, 0x00, 0x00, 0x00, 0x00, 0x00, 0x00, 0x00, 0x00, 0x00, 0x00, 0x00, 0x00,
  0x00, 0x00, 0x00, 0x00, 0x00, 0x00, 0x00, 0x00, 0x00, 0x00, 0x00, 0x00, 0x00, 0x00, 0x00, 0x00,
  0x00, 0x00, 0x00, 0x00, 0x00, 0x00, 0x00, 0x00, 0x00, 0x00, 0x00, 0x00, 0x00, 0x00, 0x00, 0x00,
  0x00, 0x00, 0x00, 0x00, 0x00, 0x00, 0x00, 0x00, 0x00, 0x00, 0x00, 0x00, 0x00, 0x00, 0x00, 0x00,
  0x00, 0x00, 0x00, 0x00, 0x00, 0x00, 0x00, 0x00, 0x00, 0x00, 0x00, 0x00, 0x00, 0x00, 0x00, 0x00,
  0x00, 0x00, 0x00, 0x00, 0x00, 0x00, 0x00, 0x00, 0x00, 0x00, 0x00, 0x00, 0x00, 0x00, 0x00, 0x00,
  0x00, 0x00, 0x00, 0x00, 0x00, 0x00, 0x00, 0x00, 0x00, 0x00, 0x00, 0x00, 0x00, 0x00, 0x00, 0x00,
  0x00, 0x01, 0x10, 0x04, 0x20, 0x00, 0x00, 0x00, 0x00, 0x00, 0x00, 0x00, 0x00, 0x00, 0x00, 0x00,
  0x00, 0x01, 0x10, 0x00, 0x20, 0x00, 0x00, 0x00, 0x00, 0x00, 0x00, 0x00, 0x00, 0x00, 0x00, 0x00,
  0x00, 0x01, 0x13, 0x8c, 0x70, 0x00, 0x00, 0x00, 0x00, 0x00, 0x00, 0x00, 0x00, 0x00, 0x00, 0x00,
  0x00, 0x01, 0x50, 0x44, 0x20, 0x00, 0x00, 0x00, 0x00, 0x00, 0x00, 0x00, 0x00, 0x00, 0x00, 0x00,
  0x00, 0x01, 0x53, 0xc4, 0x20, 0x00, 0x00, 0x00, 0x00, 0x00, 0x00, 0x00, 0x00, 0x00, 0x00, 0x00,
  0x00, 0x01, 0x54, 0x44, 0x24, 0x00, 0x00, 0x00, 0x00, 0x00, 0x00, 0x00, 0x00, 0x00, 0x00, 0x00,
  0x00, 0x00, 0xa3, 0xce, 0x18, 0x00, 0x00, 0x00, 0x00, 0x00, 0x00, 0x00, 0x00, 0x00, 0x00, 0x00,
  0x00, 0x00, 0x00, 0x00, 0x00, 0x00, 0x00, 0x00, 0x00, 0x00, 0x00, 0x00, 0x00, 0x00, 0x00, 0x00,
  0x00, 0x00, 0x00, 0x00, 0x00, 0x00, 0x00, 0x00, 0x00, 0x00, 0x00, 0x00, 0x00, 0x00, 0x00, 0x00,
  0x00, 0x00, 0x00, 0x00, 0x00, 0x00, 0x00, 0x00, 0x00, 0x00, 0x00, 0x00, 0x00, 0x00, 0x00, 0x00,
  0x00, 0x00, 0x00, 0x00, 0x00, 0x00, 0x00, 0x00, 0x00, 0x00, 0x00, 0x00, 0x00, 0x00, 0x00, 0x00,
  0x00, 0x00, 0x00, 0x00, 0x00, 0x00, 0x00, 0x00, 0x00, 0x00, 0x00, 0x00, 0x00, 0x00, 0x00, 0x00,
  0x00, 0x00, 0x00, 0x00, 0x00, 0x00, 0x00, 0x00, 0x00, 0x00, 0x00, 0x00, 0x00, 0x00, 0x00, 0x00,
  0x00, 0x00, 0x00, 0x00, 0x00, 0x00, 0x00, 0x00, 0x00, 0x00, 0x00, 0x00, 0x00, 0x00, 0x00, 0x00,
  0x00, 0x00, 0x00, 0x00, 0x00, 0x00, 0x00, 0x00, 0x00, 0x00, 0x00, 0x00, 0x00, 0x00, 0x00, 0x00,
  0x00, 0x00, 0x00, 0x00, 0x00, 0x00, 0x00, 0x00, 0x00, 0x00, 0x00, 0x00, 0x00, 0x00, 0x00, 0x00,
  0x00, 0x00, 0x00, 0x00, 0x00, 0x00, 0x00, 0x00, 0x00, 0x00, 0x00, 0x00, 0x00, 0x00, 0x00, 0x00,
  0x00, 0x00, 0x00, 0x00, 0x00, 0x00, 0x00, 0x00, 0x00, 0x00, 0x00, 0x00, 0x00, 0x00, 0x00, 0x00,
  0x00, 0x00, 0x00, 0x00, 0x00, 0x00, 0x00, 0x00, 0x00, 0x00, 0x00, 0x00, 0x00, 0x00, 0x00, 0x00,
  0x00, 0x00, 0x00, 0x00, 0x00, 0x00, 0x00, 0x00, 0x00, 0x00, 0x00, 0x00, 0x00, 0x00, 0x00, 0x00,
  0x00, 0x00, 0x00, 0x00, 0x00, 0x00, 0x00, 0x00, 0x00, 0x00, 0x00, 0x00, 0x00, 0x00, 0x00, 0x00,
  0x00, 0x00, 0x00, 0x00, 0x00, 0x00, 0x00, 0x00, 0x00, 0x00, 0x00, 0x00, 0x00, 0x00, 0x00, 0x00,
  0x00, 0x00, 0x00, 0x00, 0x00, 0x00, 0x00, 0x00, 0x00, 0x00, 0x00, 0x00, 0x00, 0x00, 0x00, 0x00,
  0x00, 0x00, 0x00, 0x00, 0x00, 0x00, 0x00, 0x00, 0x00, 0x00, 0x00, 0x00, 0x00, 0x00, 0x00, 0x00,
  0x00, 0x00, 0x00, 0x00, 0x00, 0x00, 0x00, 0x00, 0x00, 0x00, 0x00, 0x00, 0x00, 0x00, 0x00, 0x00,
  0x00, 0x00, 0x00, 0x00, 0x00, 0x00, 0x00, 0x00, 0x00, 0x00, 0x00, 0x00, 0x00, 0x00, 0x00, 0x00,
  0x00, 0x00, 0x00, 0x00, 0x00, 0x00, 0x00, 0x00, 0x00, 0x00, 0x00, 0x00, 0x00, 0x00, 0x00, 0x00,
  0x00, 0x00, 0x00, 0x00, 0x00, 0x00, 0x00, 0x00, 0x00, 0x00, 0x00, 0x00, 0x00, 0x00, 0x00, 0x00,
  0x00, 0x00, 0x00, 0x00, 0x00, 0x00, 0x00, 0x00, 0x00, 0x00, 0x00, 0x00, 0x00, 0x00, 0x00, 0x00,
  0x00, 0x00, 0x00, 0x00, 0x00, 0x00, 0x00, 0x00, 0x00, 0x00, 0x00, 0x00, 0x00, 0x00, 0x00, 0x00,
  0x00, 0x00, 0x00, 0x00, 0x00, 0x00, 0x00, 0x00, 0x00, 0x00, 0x00, 0x00, 0x00, 0x00, 0x00, 0x00,
  0x00, 0x00, 0x00, 0x00, 0x00, 0x00, 0x00, 0x00, 0x00, 0x00, 0x00, 0x00, 0x00, 0x00, 0x00, 0x00,
  0x00, 0x00, 0x00, 0x00, 0x00, 0x00, 0x00, 0x00, 0x00, 0x00, 0x00, 0x00, 0x00, 0x00, 0x00, 0x00
};

//waitt
const uint8_t frame7[] PROGMEM = {
  0x00, 0x00, 0x00, 0x00, 0x00, 0x00, 0x00, 0x00, 0x00, 0x00, 0x00, 0x00, 0x00, 0x00, 0x00, 0x00,
  0x00, 0x00, 0x00, 0x00, 0x00, 0x00, 0x00, 0x00, 0x00, 0x00, 0x00, 0x00, 0x00, 0x00, 0x00, 0x00,
  0x00, 0x00, 0x00, 0x00, 0x00, 0x00, 0x00, 0x00, 0x00, 0x00, 0x00, 0x00, 0x00, 0x00, 0x00, 0x00,
  0x00, 0x00, 0x00, 0x00, 0x00, 0x00, 0x00, 0x00, 0x00, 0x00, 0x00, 0x00, 0x00, 0x00, 0x00, 0x00,
  0x00, 0x00, 0x00, 0x00, 0x00, 0x00, 0x00, 0x00, 0x00, 0x00, 0x00, 0x00, 0x00, 0x00, 0x00, 0x00,
  0x00, 0x00, 0x00, 0x00, 0x00, 0x00, 0x00, 0x00, 0x00, 0x00, 0x00, 0x00, 0x00, 0x00, 0x00, 0x00,
  0x00, 0x00, 0x00, 0x00, 0x00, 0x00, 0x00, 0x00, 0x00, 0x00, 0x00, 0x00, 0x00, 0x00, 0x00, 0x00,
  0x00, 0x00, 0x00, 0x00, 0x00, 0x00, 0x00, 0x00, 0x00, 0x00, 0x00, 0x00, 0x00, 0x00, 0x00, 0x00,
  0x00, 0x00, 0x00, 0x00, 0x00, 0x00, 0x00, 0x00, 0x00, 0x00, 0x00, 0x00, 0x00, 0x00, 0x00, 0x00,
  0x00, 0x00, 0x00, 0x00, 0x00, 0x00, 0x00, 0x00, 0x00, 0x00, 0x00, 0x00, 0x00, 0x00, 0x00, 0x00,
  0x00, 0x00, 0x00, 0x00, 0x00, 0x00, 0x00, 0x00, 0x00, 0x00, 0x00, 0x00, 0x00, 0x00, 0x00, 0x00,
  0x00, 0x00, 0x00, 0x00, 0x00, 0x00, 0x00, 0x00, 0x00, 0x00, 0x00, 0x00, 0x00, 0x00, 0x00, 0x00,
  0x00, 0x00, 0x00, 0x00, 0x00, 0x00, 0x00, 0x00, 0x00, 0x00, 0x00, 0x00, 0x00, 0x00, 0x00, 0x00,
  0x00, 0x00, 0x00, 0x00, 0x00, 0x00, 0x00, 0x00, 0x00, 0x00, 0x00, 0x00, 0x00, 0x00, 0x00, 0x00,
  0x00, 0x00, 0x00, 0x00, 0x00, 0x00, 0x00, 0x00, 0x00, 0x00, 0x00, 0x00, 0x00, 0x00, 0x00, 0x00,
  0x00, 0x00, 0x00, 0x00, 0x00, 0x00, 0x00, 0x00, 0x00, 0x00, 0x00, 0x00, 0x00, 0x00, 0x00, 0x00,
  0x00, 0x00, 0x00, 0x00, 0x00, 0x00, 0x00, 0x00, 0x00, 0x00, 0x00, 0x00, 0x00, 0x00, 0x00, 0x00,
  0x00, 0x00, 0x00, 0x00, 0x00, 0x00, 0x00, 0x00, 0x00, 0x00, 0x00, 0x00, 0x00, 0x00, 0x00, 0x00,
  0x00, 0x00, 0x00, 0x00, 0x00, 0x00, 0x00, 0x00, 0x00, 0x00, 0x00, 0x00, 0x00, 0x00, 0x00, 0x00,
  0x00, 0x00, 0x00, 0x00, 0x00, 0x00, 0x00, 0x00, 0x00, 0x00, 0x00, 0x00, 0x00, 0x00, 0x00, 0x00,
  0x00, 0x00, 0x00, 0x00, 0x00, 0x00, 0x00, 0x00, 0x00, 0x00, 0x00, 0x00, 0x00, 0x00, 0x00, 0x00,
  0x00, 0x00, 0x00, 0x00, 0x00, 0x00, 0x00, 0x00, 0x00, 0x00, 0x00, 0x00, 0x00, 0x00, 0x00, 0x00,
  0x00, 0x00, 0x00, 0x00, 0x00, 0x00, 0x00, 0x00, 0x00, 0x00, 0x00, 0x00, 0x00, 0x00, 0x00, 0x00,
  0x00, 0x00, 0x00, 0x00, 0x00, 0x00, 0x00, 0x00, 0x00, 0x00, 0x00, 0x00, 0x00, 0x00, 0x00, 0x00,
  0x00, 0x00, 0x00, 0x00, 0x00, 0x00, 0x00, 0x00, 0x00, 0x00, 0x00, 0x00, 0x00, 0x00, 0x00, 0x00,
  0x00, 0x00, 0x00, 0x00, 0x00, 0x00, 0x00, 0x00, 0x00, 0x00, 0x00, 0x00, 0x00, 0x00, 0x00, 0x00,
  0x00, 0x00, 0x00, 0x00, 0x00, 0x00, 0x00, 0x00, 0x00, 0x00, 0x00, 0x00, 0x00, 0x00, 0x00, 0x00,
  0x00, 0x00, 0x00, 0x00, 0x00, 0x00, 0x00, 0x00, 0x00, 0x00, 0x00, 0x00, 0x00, 0x00, 0x00, 0x00,
  0x00, 0x00, 0x00, 0x00, 0x00, 0x00, 0x00, 0x00, 0x00, 0x00, 0x00, 0x00, 0x00, 0x00, 0x00, 0x00,
  0x00, 0x00, 0x00, 0x00, 0x00, 0x00, 0x00, 0x00, 0x00, 0x00, 0x00, 0x00, 0x00, 0x00, 0x00, 0x00,
  0x00, 0x00, 0x00, 0x00, 0x00, 0x00, 0x00, 0x00, 0x00, 0x00, 0x00, 0x00, 0x00, 0x00, 0x00, 0x00,
  0x00, 0x01, 0x10, 0x04, 0x20, 0x80, 0x00, 0x00, 0x00, 0x00, 0x00, 0x00, 0x00, 0x00, 0x00, 0x00,
  0x00, 0x01, 0x10, 0x00, 0x20, 0x80, 0x00, 0x00, 0x00, 0x00, 0x00, 0x00, 0x00, 0x00, 0x00, 0x00,
  0x00, 0x01, 0x13, 0x8c, 0x71, 0xc0, 0x00, 0x00, 0x00, 0x00, 0x00, 0x00, 0x00, 0x00, 0x00, 0x00,
  0x00, 0x01, 0x50, 0x44, 0x20, 0x80, 0x00, 0x00, 0x00, 0x00, 0x00, 0x00, 0x00, 0x00, 0x00, 0x00,
  0x00, 0x01, 0x53, 0xc4, 0x20, 0x80, 0x00, 0x00, 0x00, 0x00, 0x00, 0x00, 0x00, 0x00, 0x00, 0x00,
  0x00, 0x01, 0x54, 0x44, 0x24, 0x90, 0x00, 0x00, 0x00, 0x00, 0x00, 0x00, 0x00, 0x00, 0x00, 0x00,
  0x00, 0x00, 0xa3, 0xce, 0x18, 0x60, 0x00, 0x00, 0x00, 0x00, 0x00, 0x00, 0x00, 0x00, 0x00, 0x00,
  0x00, 0x00, 0x00, 0x00, 0x00, 0x00, 0x00, 0x00, 0x00, 0x00, 0x00, 0x00, 0x00, 0x00, 0x00, 0x00,
  0x00, 0x00, 0x00, 0x00, 0x00, 0x00, 0x00, 0x00, 0x00, 0x00, 0x00, 0x00, 0x00, 0x00, 0x00, 0x00,
  0x00, 0x00, 0x00, 0x00, 0x00, 0x00, 0x00, 0x00, 0x00, 0x00, 0x00, 0x00, 0x00, 0x00, 0x00, 0x00,
  0x00, 0x00, 0x00, 0x00, 0x00, 0x00, 0x00, 0x00, 0x00, 0x00, 0x00, 0x00, 0x00, 0x00, 0x00, 0x00,
  0x00, 0x00, 0x00, 0x00, 0x00, 0x00, 0x00, 0x00, 0x00, 0x00, 0x00, 0x00, 0x00, 0x00, 0x00, 0x00,
  0x00, 0x00, 0x00, 0x00, 0x00, 0x00, 0x00, 0x00, 0x00, 0x00, 0x00, 0x00, 0x00, 0x00, 0x00, 0x00,
  0x00, 0x00, 0x00, 0x00, 0x00, 0x00, 0x00, 0x00, 0x00, 0x00, 0x00, 0x00, 0x00, 0x00, 0x00, 0x00,
  0x00, 0x00, 0x00, 0x00, 0x00, 0x00, 0x00, 0x00, 0x00, 0x00, 0x00, 0x00, 0x00, 0x00, 0x00, 0x00,
  0x00, 0x00, 0x00, 0x00, 0x00, 0x00, 0x00, 0x00, 0x00, 0x00, 0x00, 0x00, 0x00, 0x00, 0x00, 0x00,
  0x00, 0x00, 0x00, 0x00, 0x00, 0x00, 0x00, 0x00, 0x00, 0x00, 0x00, 0x00, 0x00, 0x00, 0x00, 0x00,
  0x00, 0x00, 0x00, 0x00, 0x00, 0x00, 0x00, 0x00, 0x00, 0x00, 0x00, 0x00, 0x00, 0x00, 0x00, 0x00,
  0x00, 0x00, 0x00, 0x00, 0x00, 0x00, 0x00, 0x00, 0x00, 0x00, 0x00, 0x00, 0x00, 0x00, 0x00, 0x00,
  0x00, 0x00, 0x00, 0x00, 0x00, 0x00, 0x00, 0x00, 0x00, 0x00, 0x00, 0x00, 0x00, 0x00, 0x00, 0x00,
  0x00, 0x00, 0x00, 0x00, 0x00, 0x00, 0x00, 0x00, 0x00, 0x00, 0x00, 0x00, 0x00, 0x00, 0x00, 0x00,
  0x00, 0x00, 0x00, 0x00, 0x00, 0x00, 0x00, 0x00, 0x00, 0x00, 0x00, 0x00, 0x00, 0x00, 0x00, 0x00,
  0x00, 0x00, 0x00, 0x00, 0x00, 0x00, 0x00, 0x00, 0x00, 0x00, 0x00, 0x00, 0x00, 0x00, 0x00, 0x00,
  0x00, 0x00, 0x00, 0x00, 0x00, 0x00, 0x00, 0x00, 0x00, 0x00, 0x00, 0x00, 0x00, 0x00, 0x00, 0x00,
  0x00, 0x00, 0x00, 0x00, 0x00, 0x00, 0x00, 0x00, 0x00, 0x00, 0x00, 0x00, 0x00, 0x00, 0x00, 0x00,
  0x00, 0x00, 0x00, 0x00, 0x00, 0x00, 0x00, 0x00, 0x00, 0x00, 0x00, 0x00, 0x00, 0x00, 0x00, 0x00,
  0x00, 0x00, 0x00, 0x00, 0x00, 0x00, 0x00, 0x00, 0x00, 0x00, 0x00, 0x00, 0x00, 0x00, 0x00, 0x00,
  0x00, 0x00, 0x00, 0x00, 0x00, 0x00, 0x00, 0x00, 0x00, 0x00, 0x00, 0x00, 0x00, 0x00, 0x00, 0x00,
  0x00, 0x00, 0x00, 0x00, 0x00, 0x00, 0x00, 0x00, 0x00, 0x00, 0x00, 0x00, 0x00, 0x00, 0x00, 0x00,
  0x00, 0x00, 0x00, 0x00, 0x00, 0x00, 0x00, 0x00, 0x00, 0x00, 0x00, 0x00, 0x00, 0x00, 0x00, 0x00,
  0x00, 0x00, 0x00, 0x00, 0x00, 0x00, 0x00, 0x00, 0x00, 0x00, 0x00, 0x00, 0x00, 0x00, 0x00, 0x00,
  0x00, 0x00, 0x00, 0x00, 0x00, 0x00, 0x00, 0x00, 0x00, 0x00, 0x00, 0x00, 0x00, 0x00, 0x00, 0x00,
  0x00, 0x00, 0x00, 0x00, 0x00, 0x00, 0x00, 0x00, 0x00, 0x00, 0x00, 0x00, 0x00, 0x00, 0x00, 0x00
};

//waittt
const uint8_t frame8[] PROGMEM = {
  0x00, 0x00, 0x00, 0x00, 0x00, 0x00, 0x00, 0x00, 0x00, 0x00, 0x00, 0x00, 0x00, 0x00, 0x00, 0x00,
  0x00, 0x00, 0x00, 0x00, 0x00, 0x00, 0x00, 0x00, 0x00, 0x00, 0x00, 0x00, 0x00, 0x00, 0x00, 0x00,
  0x00, 0x00, 0x00, 0x00, 0x00, 0x00, 0x00, 0x00, 0x00, 0x00, 0x00, 0x00, 0x00, 0x00, 0x00, 0x00,
  0x00, 0x00, 0x00, 0x00, 0x00, 0x00, 0x00, 0x00, 0x00, 0x00, 0x00, 0x00, 0x00, 0x00, 0x00, 0x00,
  0x00, 0x00, 0x00, 0x00, 0x00, 0x00, 0x00, 0x00, 0x00, 0x00, 0x00, 0x00, 0x00, 0x00, 0x00, 0x00,
  0x00, 0x00, 0x00, 0x00, 0x00, 0x00, 0x00, 0x00, 0x00, 0x00, 0x00, 0x00, 0x00, 0x00, 0x00, 0x00,
  0x00, 0x00, 0x00, 0x00, 0x00, 0x00, 0x00, 0x00, 0x00, 0x00, 0x00, 0x00, 0x00, 0x00, 0x00, 0x00,
  0x00, 0x00, 0x00, 0x00, 0x00, 0x00, 0x00, 0x00, 0x00, 0x00, 0x00, 0x00, 0x00, 0x00, 0x00, 0x00,
  0x00, 0x00, 0x00, 0x00, 0x00, 0x00, 0x00, 0x00, 0x00, 0x00, 0x00, 0x00, 0x00, 0x00, 0x00, 0x00,
  0x00, 0x00, 0x00, 0x00, 0x00, 0x00, 0x00, 0x00, 0x00, 0x00, 0x00, 0x00, 0x00, 0x00, 0x00, 0x00,
  0x00, 0x00, 0x00, 0x00, 0x00, 0x00, 0x00, 0x00, 0x00, 0x00, 0x00, 0x00, 0x00, 0x00, 0x00, 0x00,
  0x00, 0x00, 0x00, 0x00, 0x00, 0x00, 0x00, 0x00, 0x00, 0x00, 0x00, 0x00, 0x00, 0x00, 0x00, 0x00,
  0x00, 0x00, 0x00, 0x00, 0x00, 0x00, 0x00, 0x00, 0x00, 0x00, 0x00, 0x00, 0x00, 0x00, 0x00, 0x00,
  0x00, 0x00, 0x00, 0x00, 0x00, 0x00, 0x00, 0x00, 0x00, 0x00, 0x00, 0x00, 0x00, 0x00, 0x00, 0x00,
  0x00, 0x00, 0x00, 0x00, 0x00, 0x00, 0x00, 0x00, 0x00, 0x00, 0x00, 0x00, 0x00, 0x00, 0x00, 0x00,
  0x00, 0x00, 0x00, 0x00, 0x00, 0x00, 0x00, 0x00, 0x00, 0x00, 0x00, 0x00, 0x00, 0x00, 0x00, 0x00,
  0x00, 0x00, 0x00, 0x00, 0x00, 0x00, 0x00, 0x00, 0x00, 0x00, 0x00, 0x00, 0x00, 0x00, 0x00, 0x00,
  0x00, 0x00, 0x00, 0x00, 0x00, 0x00, 0x00, 0x00, 0x00, 0x00, 0x00, 0x00, 0x00, 0x00, 0x00, 0x00,
  0x00, 0x00, 0x00, 0x00, 0x00, 0x00, 0x00, 0x00, 0x00, 0x00, 0x00, 0x00, 0x00, 0x00, 0x00, 0x00,
  0x00, 0x00, 0x00, 0x00, 0x00, 0x00, 0x00, 0x00, 0x00, 0x00, 0x00, 0x00, 0x00, 0x00, 0x00, 0x00,
  0x00, 0x00, 0x00, 0x00, 0x00, 0x00, 0x00, 0x00, 0x00, 0x00, 0x00, 0x00, 0x00, 0x00, 0x00, 0x00,
  0x00, 0x00, 0x00, 0x00, 0x00, 0x00, 0x00, 0x00, 0x00, 0x00, 0x00, 0x00, 0x00, 0x00, 0x00, 0x00,
  0x00, 0x00, 0x00, 0x00, 0x00, 0x00, 0x00, 0x00, 0x00, 0x00, 0x00, 0x00, 0x00, 0x00, 0x00, 0x00,
  0x00, 0x00, 0x00, 0x00, 0x00, 0x00, 0x00, 0x00, 0x00, 0x00, 0x00, 0x00, 0x00, 0x00, 0x00, 0x00,
  0x00, 0x00, 0x00, 0x00, 0x00, 0x00, 0x00, 0x00, 0x00, 0x00, 0x00, 0x00, 0x00, 0x00, 0x00, 0x00,
  0x00, 0x00, 0x00, 0x00, 0x00, 0x00, 0x00, 0x00, 0x00, 0x00, 0x00, 0x00, 0x00, 0x00, 0x00, 0x00,
  0x00, 0x00, 0x00, 0x00, 0x00, 0x00, 0x00, 0x00, 0x00, 0x00, 0x00, 0x00, 0x00, 0x00, 0x00, 0x00,
  0x00, 0x00, 0x00, 0x00, 0x00, 0x00, 0x00, 0x00, 0x00, 0x00, 0x00, 0x00, 0x00, 0x00, 0x00, 0x00,
  0x00, 0x00, 0x00, 0x00, 0x00, 0x00, 0x00, 0x00, 0x00, 0x00, 0x00, 0x00, 0x00, 0x00, 0x00, 0x00,
  0x00, 0x00, 0x00, 0x00, 0x00, 0x00, 0x00, 0x00, 0x00, 0x00, 0x00, 0x00, 0x00, 0x00, 0x00, 0x00,
  0x00, 0x00, 0x00, 0x00, 0x00, 0x00, 0x00, 0x00, 0x00, 0x00, 0x00, 0x00, 0x00, 0x00, 0x00, 0x00,
  0x00, 0x01, 0x10, 0x04, 0x20, 0x82, 0x00, 0x00, 0x00, 0x00, 0x00, 0x00, 0x00, 0x00, 0x00, 0x00,
  0x00, 0x01, 0x10, 0x00, 0x20, 0x82, 0x00, 0x00, 0x00, 0x00, 0x00, 0x00, 0x00, 0x00, 0x00, 0x00,
  0x00, 0x01, 0x13, 0x8c, 0x71, 0xc7, 0x00, 0x00, 0x00, 0x00, 0x00, 0x00, 0x00, 0x00, 0x00, 0x00,
  0x00, 0x01, 0x50, 0x44, 0x20, 0x82, 0x00, 0x00, 0x00, 0x00, 0x00, 0x00, 0x00, 0x00, 0x00, 0x00,
  0x00, 0x01, 0x53, 0xc4, 0x20, 0x82, 0x00, 0x00, 0x00, 0x00, 0x00, 0x00, 0x00, 0x00, 0x00, 0x00,
  0x00, 0x01, 0x54, 0x44, 0x24, 0x92, 0x40, 0x00, 0x00, 0x00, 0x00, 0x00, 0x00, 0x00, 0x00, 0x00,
  0x00, 0x00, 0xa3, 0xce, 0x18, 0x61, 0x80, 0x00, 0x00, 0x00, 0x00, 0x00, 0x00, 0x00, 0x00, 0x00,
  0x00, 0x00, 0x00, 0x00, 0x00, 0x00, 0x00, 0x00, 0x00, 0x00, 0x00, 0x00, 0x00, 0x00, 0x00, 0x00,
  0x00, 0x00, 0x00, 0x00, 0x00, 0x00, 0x00, 0x00, 0x00, 0x00, 0x00, 0x00, 0x00, 0x00, 0x00, 0x00,
  0x00, 0x00, 0x00, 0x00, 0x00, 0x00, 0x00, 0x00, 0x00, 0x00, 0x00, 0x00, 0x00, 0x00, 0x00, 0x00,
  0x00, 0x00, 0x00, 0x00, 0x00, 0x00, 0x00, 0x00, 0x00, 0x00, 0x00, 0x00, 0x00, 0x00, 0x00, 0x00,
  0x00, 0x00, 0x00, 0x00, 0x00, 0x00, 0x00, 0x00, 0x00, 0x00, 0x00, 0x00, 0x00, 0x00, 0x00, 0x00,
  0x00, 0x00, 0x00, 0x00, 0x00, 0x00, 0x00, 0x00, 0x00, 0x00, 0x00, 0x00, 0x00, 0x00, 0x00, 0x00,
  0x00, 0x00, 0x00, 0x00, 0x00, 0x00, 0x00, 0x00, 0x00, 0x00, 0x00, 0x00, 0x00, 0x00, 0x00, 0x00,
  0x00, 0x00, 0x00, 0x00, 0x00, 0x00, 0x00, 0x00, 0x00, 0x00, 0x00, 0x00, 0x00, 0x00, 0x00, 0x00,
  0x00, 0x00, 0x00, 0x00, 0x00, 0x00, 0x00, 0x00, 0x00, 0x00, 0x00, 0x00, 0x00, 0x00, 0x00, 0x00,
  0x00, 0x00, 0x00, 0x00, 0x00, 0x00, 0x00, 0x00, 0x00, 0x00, 0x00, 0x00, 0x00, 0x00, 0x00, 0x00,
  0x00, 0x00, 0x00, 0x00, 0x00, 0x00, 0x00, 0x00, 0x00, 0x00, 0x00, 0x00, 0x00, 0x00, 0x00, 0x00,
  0x00, 0x00, 0x00, 0x00, 0x00, 0x00, 0x00, 0x00, 0x00, 0x00, 0x00, 0x00, 0x00, 0x00, 0x00, 0x00,
  0x00, 0x00, 0x00, 0x00, 0x00, 0x00, 0x00, 0x00, 0x00, 0x00, 0x00, 0x00, 0x00, 0x00, 0x00, 0x00,
  0x00, 0x00, 0x00, 0x00, 0x00, 0x00, 0x00, 0x00, 0x00, 0x00, 0x00, 0x00, 0x00, 0x00, 0x00, 0x00,
  0x00, 0x00, 0x00, 0x00, 0x00, 0x00, 0x00, 0x00, 0x00, 0x00, 0x00, 0x00, 0x00, 0x00, 0x00, 0x00,
  0x00, 0x00, 0x00, 0x00, 0x00, 0x00, 0x00, 0x00, 0x00, 0x00, 0x00, 0x00, 0x00, 0x00, 0x00, 0x00,
  0x00, 0x00, 0x00, 0x00, 0x00, 0x00, 0x00, 0x00, 0x00, 0x00, 0x00, 0x00, 0x00, 0x00, 0x00, 0x00,
  0x00, 0x00, 0x00, 0x00, 0x00, 0x00, 0x00, 0x00, 0x00, 0x00, 0x00, 0x00, 0x00, 0x00, 0x00, 0x00,
  0x00, 0x00, 0x00, 0x00, 0x00, 0x00, 0x00, 0x00, 0x00, 0x00, 0x00, 0x00, 0x00, 0x00, 0x00, 0x00,
  0x00, 0x00, 0x00, 0x00, 0x00, 0x00, 0x00, 0x00, 0x00, 0x00, 0x00, 0x00, 0x00, 0x00, 0x00, 0x00,
  0x00, 0x00, 0x00, 0x00, 0x00, 0x00, 0x00, 0x00, 0x00, 0x00, 0x00, 0x00, 0x00, 0x00, 0x00, 0x00,
  0x00, 0x00, 0x00, 0x00, 0x00, 0x00, 0x00, 0x00, 0x00, 0x00, 0x00, 0x00, 0x00, 0x00, 0x00, 0x00,
  0x00, 0x00, 0x00, 0x00, 0x00, 0x00, 0x00, 0x00, 0x00, 0x00, 0x00, 0x00, 0x00, 0x00, 0x00, 0x00,
  0x00, 0x00, 0x00, 0x00, 0x00, 0x00, 0x00, 0x00, 0x00, 0x00, 0x00, 0x00, 0x00, 0x00, 0x00, 0x00,
  0x00, 0x00, 0x00, 0x00, 0x00, 0x00, 0x00, 0x00, 0x00, 0x00, 0x00, 0x00, 0x00, 0x00, 0x00, 0x00,
  0x00, 0x00, 0x00, 0x00, 0x00, 0x00, 0x00, 0x00, 0x00, 0x00, 0x00, 0x00, 0x00, 0x00, 0x00, 0x00
};

//waittt....
const uint8_t frame9[] PROGMEM = {
  0x00, 0x00, 0x00, 0x00, 0x00, 0x00, 0x00, 0x00, 0x00, 0x00, 0x00, 0x00, 0x00, 0x00, 0x00, 0x00,
  0x00, 0x00, 0x00, 0x00, 0x00, 0x00, 0x00, 0x00, 0x00, 0x00, 0x00, 0x00, 0x00, 0x00, 0x00, 0x00,
  0x00, 0x00, 0x00, 0x00, 0x00, 0x00, 0x00, 0x00, 0x00, 0x00, 0x00, 0x00, 0x00, 0x00, 0x00, 0x00,
  0x00, 0x00, 0x00, 0x00, 0x00, 0x00, 0x00, 0x00, 0x00, 0x00, 0x00, 0x00, 0x00, 0x00, 0x00, 0x00,
  0x00, 0x00, 0x00, 0x00, 0x00, 0x00, 0x00, 0x00, 0x00, 0x00, 0x00, 0x00, 0x00, 0x00, 0x00, 0x00,
  0x00, 0x00, 0x00, 0x00, 0x00, 0x00, 0x00, 0x00, 0x00, 0x00, 0x00, 0x00, 0x00, 0x00, 0x00, 0x00,
  0x00, 0x00, 0x00, 0x00, 0x00, 0x00, 0x00, 0x00, 0x00, 0x00, 0x00, 0x00, 0x00, 0x00, 0x00, 0x00,
  0x00, 0x00, 0x00, 0x00, 0x00, 0x00, 0x00, 0x00, 0x00, 0x00, 0x00, 0x00, 0x00, 0x00, 0x00, 0x00,
  0x00, 0x00, 0x00, 0x00, 0x00, 0x00, 0x00, 0x00, 0x00, 0x00, 0x00, 0x00, 0x00, 0x00, 0x00, 0x00,
  0x00, 0x00, 0x00, 0x00, 0x00, 0x00, 0x00, 0x00, 0x00, 0x00, 0x00, 0x00, 0x00, 0x00, 0x00, 0x00,
  0x00, 0x00, 0x00, 0x00, 0x00, 0x00, 0x00, 0x00, 0x00, 0x00, 0x00, 0x00, 0x00, 0x00, 0x00, 0x00,
  0x00, 0x00, 0x00, 0x00, 0x00, 0x00, 0x00, 0x00, 0x00, 0x00, 0x00, 0x00, 0x00, 0x00, 0x00, 0x00,
  0x00, 0x00, 0x00, 0x00, 0x00, 0x00, 0x00, 0x00, 0x00, 0x00, 0x00, 0x00, 0x00, 0x00, 0x00, 0x00,
  0x00, 0x00, 0x00, 0x00, 0x00, 0x00, 0x00, 0x00, 0x00, 0x00, 0x00, 0x00, 0x00, 0x00, 0x00, 0x00,
  0x00, 0x00, 0x00, 0x00, 0x00, 0x00, 0x00, 0x00, 0x00, 0x00, 0x00, 0x00, 0x00, 0x00, 0x00, 0x00,
  0x00, 0x00, 0x00, 0x00, 0x00, 0x00, 0x00, 0x00, 0x00, 0x00, 0x00, 0x00, 0x00, 0x00, 0x00, 0x00,
  0x00, 0x00, 0x00, 0x00, 0x00, 0x00, 0x00, 0x00, 0x00, 0x00, 0x00, 0x00, 0x00, 0x00, 0x00, 0x00,
  0x00, 0x00, 0x00, 0x00, 0x00, 0x00, 0x00, 0x00, 0x00, 0x00, 0x00, 0x00, 0x00, 0x00, 0x00, 0x00,
  0x00, 0x00, 0x00, 0x00, 0x00, 0x00, 0x00, 0x00, 0x00, 0x00, 0x00, 0x00, 0x00, 0x00, 0x00, 0x00,
  0x00, 0x00, 0x00, 0x00, 0x00, 0x00, 0x00, 0x00, 0x00, 0x00, 0x00, 0x00, 0x00, 0x00, 0x00, 0x00,
  0x00, 0x00, 0x00, 0x00, 0x00, 0x00, 0x00, 0x00, 0x00, 0x00, 0x00, 0x00, 0x00, 0x00, 0x00, 0x00,
  0x00, 0x00, 0x00, 0x00, 0x00, 0x00, 0x00, 0x00, 0x00, 0x00, 0x00, 0x00, 0x00, 0x00, 0x00, 0x00,
  0x00, 0x00, 0x00, 0x00, 0x00, 0x00, 0x00, 0x00, 0x00, 0x00, 0x00, 0x00, 0x00, 0x00, 0x00, 0x00,
  0x00, 0x00, 0x00, 0x00, 0x00, 0x00, 0x00, 0x00, 0x00, 0x00, 0x00, 0x00, 0x00, 0x00, 0x00, 0x00,
  0x00, 0x00, 0x00, 0x00, 0x00, 0x00, 0x00, 0x00, 0x00, 0x00, 0x00, 0x00, 0x00, 0x00, 0x00, 0x00,
  0x00, 0x00, 0x00, 0x00, 0x00, 0x00, 0x00, 0x00, 0x00, 0x00, 0x00, 0x00, 0x00, 0x00, 0x00, 0x00,
  0x00, 0x00, 0x00, 0x00, 0x00, 0x00, 0x00, 0x00, 0x00, 0x00, 0x00, 0x00, 0x00, 0x00, 0x00, 0x00,
  0x00, 0x00, 0x00, 0x00, 0x00, 0x00, 0x00, 0x00, 0x00, 0x00, 0x00, 0x00, 0x00, 0x00, 0x00, 0x00,
  0x00, 0x00, 0x00, 0x00, 0x00, 0x00, 0x00, 0x00, 0x00, 0x00, 0x00, 0x00, 0x00, 0x00, 0x00, 0x00,
  0x00, 0x00, 0x00, 0x00, 0x00, 0x00, 0x00, 0x00, 0x00, 0x00, 0x00, 0x00, 0x00, 0x00, 0x00, 0x00,
  0x00, 0x00, 0x00, 0x00, 0x00, 0x00, 0x00, 0x00, 0x00, 0x00, 0x00, 0x00, 0x00, 0x00, 0x00, 0x00,
  0x00, 0x01, 0x10, 0x04, 0x20, 0x82, 0x00, 0x00, 0x00, 0x00, 0x00, 0x00, 0x00, 0x00, 0x00, 0x00,
  0x00, 0x01, 0x10, 0x00, 0x20, 0x82, 0x00, 0x00, 0x00, 0x00, 0x00, 0x00, 0x00, 0x00, 0x00, 0x00,
  0x00, 0x01, 0x13, 0x8c, 0x71, 0xc7, 0x00, 0x00, 0x00, 0x00, 0x00, 0x00, 0x00, 0x00, 0x00, 0x00,
  0x00, 0x01, 0x50, 0x44, 0x20, 0x82, 0x00, 0x00, 0x00, 0x00, 0x00, 0x00, 0x00, 0x00, 0x00, 0x00,
  0x00, 0x01, 0x53, 0xc4, 0x20, 0x82, 0x00, 0x00, 0x00, 0x00, 0x00, 0x00, 0x00, 0x00, 0x00, 0x00,
  0x00, 0x01, 0x54, 0x44, 0x24, 0x92, 0x40, 0x00, 0x00, 0x00, 0x00, 0x00, 0x00, 0x00, 0x00, 0x00,
  0x00, 0x00, 0xa3, 0xce, 0x18, 0x61, 0x8a, 0xaa, 0xaa, 0xaa, 0xa8, 0x00, 0x00, 0x00, 0x00, 0x00,
  0x00, 0x00, 0x00, 0x00, 0x00, 0x00, 0x00, 0x00, 0x00, 0x00, 0x00, 0x00, 0x00, 0x00, 0x00, 0x00,
  0x00, 0x00, 0x00, 0x00, 0x00, 0x00, 0x00, 0x00, 0x00, 0x00, 0x00, 0x00, 0x00, 0x00, 0x00, 0x00,
  0x00, 0x00, 0x00, 0x00, 0x00, 0x00, 0x00, 0x00, 0x00, 0x00, 0x00, 0x00, 0x00, 0x00, 0x00, 0x00,
  0x00, 0x00, 0x00, 0x00, 0x00, 0x00, 0x00, 0x00, 0x00, 0x00, 0x00, 0x00, 0x00, 0x00, 0x00, 0x00,
  0x00, 0x00, 0x00, 0x00, 0x00, 0x00, 0x00, 0x00, 0x00, 0x00, 0x00, 0x00, 0x00, 0x00, 0x00, 0x00,
  0x00, 0x00, 0x00, 0x00, 0x00, 0x00, 0x00, 0x00, 0x00, 0x00, 0x00, 0x00, 0x00, 0x00, 0x00, 0x00,
  0x00, 0x00, 0x00, 0x00, 0x00, 0x00, 0x00, 0x00, 0x00, 0x00, 0x00, 0x00, 0x00, 0x00, 0x00, 0x00,
  0x00, 0x00, 0x00, 0x00, 0x00, 0x00, 0x00, 0x00, 0x00, 0x00, 0x00, 0x00, 0x00, 0x00, 0x00, 0x00,
  0x00, 0x00, 0x00, 0x00, 0x00, 0x00, 0x00, 0x00, 0x00, 0x00, 0x00, 0x00, 0x00, 0x00, 0x00, 0x00,
  0x00, 0x00, 0x00, 0x00, 0x00, 0x00, 0x00, 0x00, 0x00, 0x00, 0x00, 0x00, 0x00, 0x00, 0x00, 0x00,
  0x00, 0x00, 0x00, 0x00, 0x00, 0x00, 0x00, 0x00, 0x00, 0x00, 0x00, 0x00, 0x00, 0x00, 0x00, 0x00,
  0x00, 0x00, 0x00, 0x00, 0x00, 0x00, 0x00, 0x00, 0x00, 0x00, 0x00, 0x00, 0x00, 0x00, 0x00, 0x00,
  0x00, 0x00, 0x00, 0x00, 0x00, 0x00, 0x00, 0x00, 0x00, 0x00, 0x00, 0x00, 0x00, 0x00, 0x00, 0x00,
  0x00, 0x00, 0x00, 0x00, 0x00, 0x00, 0x00, 0x00, 0x00, 0x00, 0x00, 0x00, 0x00, 0x00, 0x00, 0x00,
  0x00, 0x00, 0x00, 0x00, 0x00, 0x00, 0x00, 0x00, 0x00, 0x00, 0x00, 0x00, 0x00, 0x00, 0x00, 0x00,
  0x00, 0x00, 0x00, 0x00, 0x00, 0x00, 0x00, 0x00, 0x00, 0x00, 0x00, 0x00, 0x00, 0x00, 0x00, 0x00,
  0x00, 0x00, 0x00, 0x00, 0x00, 0x00, 0x00, 0x00, 0x00, 0x00, 0x00, 0x00, 0x00, 0x00, 0x00, 0x00,
  0x00, 0x00, 0x00, 0x00, 0x00, 0x00, 0x00, 0x00, 0x00, 0x00, 0x00, 0x00, 0x00, 0x00, 0x00, 0x00,
  0x00, 0x00, 0x00, 0x00, 0x00, 0x00, 0x00, 0x00, 0x00, 0x00, 0x00, 0x00, 0x00, 0x00, 0x00, 0x00,
  0x00, 0x00, 0x00, 0x00, 0x00, 0x00, 0x00, 0x00, 0x00, 0x00, 0x00, 0x00, 0x00, 0x00, 0x00, 0x00,
  0x00, 0x00, 0x00, 0x00, 0x00, 0x00, 0x00, 0x00, 0x00, 0x00, 0x00, 0x00, 0x00, 0x00, 0x00, 0x00,
  0x00, 0x00, 0x00, 0x00, 0x00, 0x00, 0x00, 0x00, 0x00, 0x00, 0x00, 0x00, 0x00, 0x00, 0x00, 0x00,
  0x00, 0x00, 0x00, 0x00, 0x00, 0x00, 0x00, 0x00, 0x00, 0x00, 0x00, 0x00, 0x00, 0x00, 0x00, 0x00,
  0x00, 0x00, 0x00, 0x00, 0x00, 0x00, 0x00, 0x00, 0x00, 0x00, 0x00, 0x00, 0x00, 0x00, 0x00, 0x00,
  0x00, 0x00, 0x00, 0x00, 0x00, 0x00, 0x00, 0x00, 0x00, 0x00, 0x00, 0x00, 0x00, 0x00, 0x00, 0x00,
  0x00, 0x00, 0x00, 0x00, 0x00, 0x00, 0x00, 0x00, 0x00, 0x00, 0x00, 0x00, 0x00, 0x00, 0x00, 0x00
};

const uint8_t frame10[] PROGMEM = {
  0x00, 0x00, 0x00, 0x00, 0x00, 0x00, 0x00, 0x00, 0x00, 0x00, 0x00, 0x00, 0x00, 0x00, 0x00, 0x00,
  0x3f, 0xff, 0x00, 0x00, 0x40, 0x3f, 0xff, 0x3c, 0x01, 0xff, 0xff, 0xff, 0xff, 0xff, 0xff, 0xfe,
  0x3f, 0xfc, 0x1f, 0x80, 0x00, 0x1f, 0xff, 0x78, 0x00, 0x1f, 0xff, 0xff, 0xff, 0xff, 0xff, 0xfe,
  0x3f, 0xf8, 0x79, 0x80, 0x08, 0x0f, 0xfe, 0x70, 0x00, 0x9f, 0xff, 0xff, 0xff, 0xff, 0xff, 0xfe,
  0x3f, 0xf1, 0xc0, 0x40, 0x30, 0x07, 0xfe, 0xc0, 0x02, 0xc7, 0xff, 0xff, 0xff, 0xff, 0xff, 0xfe,
  0x3f, 0xe3, 0x00, 0x00, 0x20, 0x03, 0xfe, 0xcb, 0x00, 0xe7, 0xff, 0xff, 0xff, 0xff, 0xff, 0xfe,
  0x3f, 0x8c, 0x00, 0x00, 0x00, 0x01, 0xfe, 0x93, 0x00, 0x67, 0xff, 0xff, 0xff, 0xff, 0xff, 0xfe,
  0x3f, 0x18, 0x00, 0x00, 0x00, 0x08, 0xfe, 0x12, 0x00, 0x67, 0xff, 0xff, 0xff, 0xff, 0xff, 0xfe,
  0x3e, 0x30, 0x00, 0x00, 0xc0, 0x0c, 0x7f, 0x00, 0x01, 0x4f, 0xff, 0xff, 0xff, 0xff, 0xff, 0xfe,
  0x3c, 0x60, 0xe0, 0x01, 0xf0, 0x06, 0x7f, 0x00, 0x00, 0x4f, 0xff, 0xff, 0xff, 0xff, 0xff, 0xfe,
  0x38, 0x40, 0xc0, 0x00, 0x00, 0x02, 0x3f, 0x20, 0x40, 0x1f, 0xff, 0xff, 0xff, 0xff, 0xff, 0xfe,
  0x38, 0x03, 0x01, 0x00, 0x20, 0x01, 0x3f, 0x20, 0x08, 0x3f, 0xff, 0xff, 0xff, 0xff, 0xff, 0xfe,
  0x30, 0x06, 0x02, 0x18, 0x10, 0x01, 0x1f, 0x80, 0x01, 0x7f, 0xfd, 0xdf, 0xff, 0xff, 0xff, 0xfe,
  0x30, 0x0c, 0x04, 0x70, 0x10, 0x10, 0x0f, 0xc0, 0x39, 0x7f, 0xfd, 0xdf, 0xff, 0xff, 0xff, 0xfe,
  0x30, 0x18, 0x08, 0xf0, 0x08, 0x08, 0x07, 0xf0, 0x39, 0x7f, 0xfd, 0xd8, 0xdd, 0xff, 0xff, 0xfe,
  0x30, 0x10, 0x01, 0xf2, 0x04, 0x08, 0x33, 0xf0, 0x18, 0x7f, 0xfe, 0xb7, 0x5d, 0xff, 0xff, 0xfe,
  0x30, 0x00, 0x03, 0xf2, 0x02, 0x04, 0x33, 0xe2, 0x00, 0xff, 0xff, 0x77, 0x5d, 0xff, 0xff, 0xfe,
  0x30, 0x00, 0x07, 0xf2, 0x00, 0x04, 0x31, 0xc3, 0x87, 0xff, 0xff, 0x77, 0x59, 0xff, 0xff, 0xfe,
  0x22, 0x00, 0x0f, 0xf2, 0x00, 0x02, 0x0c, 0xe7, 0xff, 0xff, 0xff, 0x78, 0xe5, 0xff, 0xff, 0xfe,
  0x06, 0x00, 0x1d, 0xfb, 0x00, 0x02, 0x0c, 0x7f, 0xff, 0xff, 0xff, 0xff, 0xff, 0xff, 0xff, 0xfe,
  0x0c, 0x00, 0x81, 0xd9, 0x00, 0x03, 0x1e, 0x3f, 0xff, 0xff, 0xff, 0xff, 0xff, 0xff, 0xff, 0xfe,
  0x1c, 0x01, 0xdf, 0x99, 0x82, 0x01, 0x1d, 0x9f, 0xff, 0xff, 0xff, 0xff, 0xff, 0xff, 0xff, 0xfe,
  0x18, 0x03, 0xdf, 0xf8, 0xc2, 0x01, 0x1d, 0xcf, 0xff, 0xff, 0xff, 0xff, 0xff, 0xff, 0xff, 0xfe,
  0x18, 0x03, 0x1f, 0xfc, 0x60, 0x00, 0x1d, 0xcf, 0xff, 0xff, 0xfd, 0xff, 0xff, 0xff, 0xff, 0xfe,
  0x10, 0x04, 0x07, 0xff, 0x01, 0x00, 0x01, 0x8f, 0xff, 0xff, 0xfd, 0xff, 0xff, 0xff, 0xff, 0xfe,
  0x00, 0x01, 0xc3, 0xff, 0xe1, 0x00, 0x06, 0x3f, 0xff, 0xff, 0xfd, 0x38, 0xdd, 0x8f, 0xff, 0xfe,
  0x00, 0x01, 0x83, 0xf8, 0xf9, 0x00, 0x07, 0xbf, 0xff, 0xff, 0xfc, 0xdf, 0x5d, 0x77, 0xff, 0xfe,
  0x00, 0x85, 0x83, 0xfc, 0x00, 0x80, 0x9f, 0x8f, 0xff, 0xff, 0xfd, 0xd8, 0x5d, 0x07, 0xff, 0xfe,
  0x00, 0x87, 0xc7, 0xf9, 0x80, 0x00, 0x9f, 0x87, 0xff, 0xff, 0xfd, 0xd7, 0x6b, 0x7f, 0xff, 0xfe,
  0x10, 0x86, 0xc7, 0xfb, 0x01, 0x00, 0x46, 0x67, 0xff, 0xff, 0xfd, 0xd8, 0x77, 0x8f, 0xff, 0xfe,
  0x30, 0x43, 0xff, 0xff, 0x00, 0x00, 0x66, 0xf3, 0xff, 0xff, 0xff, 0xff, 0xff, 0xff, 0xff, 0xfe,
  0x20, 0x0e, 0xbf, 0xff, 0x05, 0x00, 0x30, 0xf3, 0xff, 0xff, 0xff, 0xff, 0xff, 0xff, 0xff, 0xfe,
  0x00, 0x01, 0x2f, 0xff, 0x87, 0x00, 0x13, 0x67, 0xff, 0xff, 0xff, 0xff, 0xff, 0xff, 0xff, 0xfe,
  0x00, 0x31, 0x5f, 0xff, 0x8e, 0x00, 0x07, 0x0f, 0xff, 0xff, 0xff, 0xff, 0xff, 0xff, 0xff, 0xfe,
  0x00, 0x20, 0xff, 0xff, 0xfe, 0x10, 0x07, 0xcf, 0xff, 0xff, 0xff, 0xff, 0xff, 0xff, 0xff, 0xfe,
  0x01, 0x6e, 0xff, 0xfe, 0xac, 0x28, 0x03, 0xcf, 0xff, 0xff, 0xff, 0xff, 0xff, 0xff, 0xff, 0xfe,
  0x01, 0x6c, 0xfe, 0xfd, 0x58, 0x0c, 0x0f, 0x8f, 0xff, 0xff, 0xff, 0xff, 0xff, 0xff, 0xff, 0xfe,
  0x01, 0x6c, 0x3f, 0xff, 0xc0, 0x78, 0x0f, 0x07, 0xff, 0xff, 0xfe, 0x37, 0x63, 0x2f, 0xff, 0xfe,
  0x09, 0xaf, 0x3f, 0xff, 0xc2, 0x78, 0x0f, 0x23, 0xff, 0xff, 0xfd, 0xda, 0xfd, 0x57, 0xff, 0xfe,
  0x0c, 0xff, 0xcf, 0xff, 0x9a, 0x00, 0x08, 0x33, 0xff, 0xff, 0xfc, 0x1d, 0xe1, 0x57, 0xff, 0xfe,
  0x0c, 0x7f, 0xf3, 0xf8, 0x1a, 0x00, 0x08, 0x33, 0xc7, 0xff, 0xfd, 0xfa, 0xdd, 0x77, 0xff, 0xfe,
  0x0c, 0x3f, 0xff, 0xe0, 0xfa, 0x30, 0x06, 0x23, 0xcf, 0xff, 0xfe, 0x37, 0x61, 0x77, 0xff, 0xfe,
  0x04, 0x0f, 0xfb, 0xc7, 0xf6, 0x48, 0x07, 0x07, 0x8f, 0xff, 0xff, 0xff, 0xff, 0xff, 0xff, 0xfe,
  0x00, 0x07, 0xfc, 0x1f, 0xfe, 0x78, 0x06, 0x07, 0x9f, 0x3f, 0xff, 0xff, 0xff, 0xff, 0xff, 0xfe,
  0x00, 0x01, 0xfc, 0x3f, 0xfc, 0x84, 0x00, 0x0f, 0xfc, 0x7f, 0xff, 0xff, 0xff, 0xff, 0xff, 0xfe,
  0x18, 0x00, 0xfc, 0x3f, 0xf8, 0x94, 0x00, 0x8f, 0xf8, 0xff, 0xff, 0xff, 0xff, 0xff, 0xff, 0xfe,
  0x04, 0xf0, 0xfd, 0xbf, 0x00, 0xfc, 0x00, 0x47, 0xf1, 0xff, 0xff, 0xff, 0xff, 0xff, 0xff, 0xfe,
  0x02, 0x79, 0xfd, 0xbf, 0x00, 0x00, 0x00, 0x61, 0xe1, 0xff, 0xff, 0xff, 0xff, 0xff, 0xff, 0xfe,
  0x03, 0x79, 0xf9, 0xbf, 0x00, 0x00, 0x00, 0x31, 0xff, 0xff, 0xff, 0xff, 0xff, 0xff, 0xff, 0xfe,
  0x01, 0x3b, 0xfb, 0xbf, 0xb8, 0x03, 0x73, 0x00, 0xff, 0xff, 0xff, 0xff, 0xff, 0xff, 0xff, 0xfe,
  0x00, 0xb3, 0xfb, 0xdf, 0x98, 0x36, 0xdf, 0x80, 0xff, 0xff, 0xff, 0xff, 0xff, 0xff, 0xff, 0xfe,
  0x00, 0xc0, 0x1b, 0xdf, 0x90, 0xe5, 0xfc, 0x00, 0x1f, 0xff, 0xff, 0xff, 0xff, 0xff, 0xff, 0xfe,
  0x00, 0x47, 0xc3, 0xdf, 0xc1, 0xed, 0xf0, 0x00, 0x1f, 0xff, 0xff, 0xff, 0xff, 0xff, 0xff, 0xfe,
  0x00, 0x48, 0x79, 0xde, 0x06, 0xdb, 0xf0, 0x41, 0x8f, 0xff, 0xff, 0xff, 0xff, 0xff, 0xff, 0xfe,
  0x00, 0x00, 0x0d, 0xd8, 0x05, 0xb7, 0xe0, 0x61, 0x8f, 0xff, 0xff, 0xff, 0xff, 0xff, 0xff, 0xfe,
  0x00, 0x0f, 0xe1, 0xc1, 0xf3, 0xb5, 0xc0, 0x60, 0xcf, 0xff, 0xff, 0xff, 0xff, 0xff, 0xff, 0xfe,
  0x00, 0x10, 0x70, 0xcf, 0x03, 0x6f, 0xc0, 0x20, 0xcf, 0xff, 0xff, 0xff, 0xff, 0xff, 0xff, 0xfe,
  0x1f, 0x00, 0x1b, 0x90, 0x02, 0xef, 0xc0, 0x30, 0xcf, 0xff, 0xff, 0xff, 0xff, 0xff, 0xff, 0xfe,
  0x20, 0x0f, 0xc3, 0x00, 0xf8, 0xdb, 0x80, 0x30, 0x0f, 0xff, 0xff, 0xff, 0xff, 0xff, 0xff, 0xfe,
  0x1b, 0x1f, 0xf1, 0x06, 0x01, 0xd5, 0x00, 0x30, 0x0f, 0xff, 0xff, 0xff, 0xff, 0xff, 0xff, 0xfe,
  0x10, 0x1f, 0xf0, 0x08, 0x01, 0xbb, 0x00, 0x10, 0x1f, 0xff, 0xff, 0xff, 0xff, 0xff, 0xff, 0xfe,
  0x1f, 0x3f, 0xf4, 0x40, 0xf9, 0xbe, 0x00, 0x18, 0x1f, 0xff, 0xff, 0xff, 0xff, 0xff, 0xff, 0xfe,
  0x20, 0x3f, 0xf0, 0xc7, 0xfc, 0x6e, 0x00, 0x3c, 0x0f, 0xff, 0xff, 0xff, 0xff, 0xff, 0xff, 0xfe,
  0x0c, 0x7f, 0xf1, 0x87, 0xfe, 0x54, 0xe0, 0x00, 0x00, 0x00, 0x00, 0x00, 0x00, 0x00, 0x00, 0x00
};

const uint8_t frame11[] PROGMEM = {
  0x00, 0x00, 0x00, 0x00, 0x00, 0x00, 0x00, 0x00, 0x00, 0x00, 0x00, 0x00, 0x00, 0x00, 0x00, 0x00,
  0x3f, 0xff, 0x00, 0x00, 0x40, 0x3f, 0xff, 0x3c, 0x01, 0xff, 0xff, 0xff, 0xff, 0xff, 0xff, 0xfe,
  0x3f, 0xfc, 0x1f, 0x80, 0x00, 0x1f, 0xff, 0x78, 0x00, 0x1f, 0xff, 0xff, 0xff, 0xff, 0xff, 0xfe,
  0x3f, 0xf8, 0x79, 0x80, 0x08, 0x0f, 0xfe, 0x70, 0x00, 0x9f, 0xff, 0xff, 0xff, 0xff, 0xff, 0xfe,
  0x3f, 0xf1, 0xc0, 0x40, 0x30, 0x07, 0xfe, 0xc0, 0x02, 0xc7, 0xff, 0xff, 0xff, 0xff, 0xff, 0xfe,
  0x3f, 0xe3, 0x00, 0x00, 0x20, 0x03, 0xfe, 0xcb, 0x00, 0xe7, 0xff, 0xff, 0xff, 0xff, 0xff, 0xfe,
  0x3f, 0x8c, 0x00, 0x00, 0x00, 0x01, 0xfe, 0x93, 0x00, 0x67, 0xff, 0xff, 0xff, 0xff, 0xff, 0xfe,
  0x3f, 0x18, 0x00, 0x00, 0x00, 0x08, 0xfe, 0x12, 0x00, 0x67, 0xff, 0xff, 0xff, 0xff, 0xff, 0xfe,
  0x3e, 0x30, 0x00, 0x00, 0xc0, 0x0c, 0x7f, 0x00, 0x01, 0x4f, 0xff, 0xff, 0xff, 0xff, 0xff, 0xfe,
  0x3c, 0x60, 0xe0, 0x01, 0xf0, 0x06, 0x7f, 0x00, 0x00, 0x4f, 0xff, 0xff, 0xff, 0xff, 0xff, 0xfe,
  0x38, 0x40, 0xc0, 0x00, 0x00, 0x02, 0x3f, 0x20, 0x40, 0x1f, 0xff, 0xff, 0xff, 0xff, 0xff, 0xfe,
  0x38, 0x03, 0x01, 0x00, 0x20, 0x01, 0x3f, 0x20, 0x08, 0x3f, 0xff, 0xff, 0xff, 0xff, 0xff, 0xfe,
  0x30, 0x06, 0x02, 0x18, 0x10, 0x01, 0x1f, 0x80, 0x01, 0x7f, 0xff, 0xff, 0xff, 0xff, 0xff, 0xfe,
  0x30, 0x0c, 0x04, 0x70, 0x10, 0x10, 0x0f, 0xc0, 0x39, 0x7f, 0xff, 0xff, 0xff, 0xff, 0xff, 0xfe,
  0x30, 0x18, 0x08, 0xf0, 0x08, 0x08, 0x07, 0xf0, 0x39, 0x7f, 0xff, 0xff, 0xff, 0xff, 0xff, 0xfe,
  0x30, 0x10, 0x01, 0xf2, 0x04, 0x08, 0x33, 0xf0, 0x18, 0x7f, 0xff, 0xff, 0xff, 0xff, 0xff, 0xfe,
  0x30, 0x00, 0x03, 0xf2, 0x02, 0x04, 0x33, 0xe2, 0x00, 0xff, 0xff, 0xff, 0xff, 0xff, 0xff, 0xfe,
  0x30, 0x00, 0x07, 0xf2, 0x00, 0x04, 0x31, 0xc3, 0x87, 0xff, 0xff, 0xff, 0xff, 0xff, 0xff, 0xfe,
  0x22, 0x00, 0x0f, 0xf2, 0x00, 0x02, 0x0c, 0xe7, 0xff, 0xff, 0xff, 0xff, 0xff, 0xff, 0xff, 0xfe,
  0x06, 0x00, 0x1d, 0xfb, 0x00, 0x02, 0x0c, 0x7f, 0xff, 0xff, 0xff, 0xff, 0xff, 0xff, 0xff, 0xfe,
  0x0c, 0x00, 0x81, 0xd9, 0x00, 0x03, 0x1e, 0x3f, 0xff, 0xff, 0xff, 0xff, 0xff, 0xff, 0xff, 0xfe,
  0x1c, 0x01, 0xdf, 0x99, 0x82, 0x01, 0x1d, 0x9f, 0xff, 0xff, 0xff, 0xff, 0xff, 0xff, 0xff, 0xfe,
  0x18, 0x03, 0xdf, 0xf8, 0xc2, 0x01, 0x1d, 0xcf, 0xff, 0xff, 0xff, 0xff, 0xff, 0xff, 0xff, 0xfe,
  0x18, 0x03, 0x1f, 0xfc, 0x60, 0x00, 0x1d, 0xcf, 0xff, 0xff, 0xff, 0xff, 0xff, 0xff, 0xff, 0xfe,
  0x10, 0x04, 0x07, 0xff, 0x01, 0x00, 0x01, 0x8f, 0xff, 0xff, 0xff, 0xff, 0xff, 0xff, 0xff, 0xfe,
  0x00, 0x01, 0xc3, 0xff, 0xe1, 0x00, 0x06, 0x3f, 0xff, 0xff, 0xff, 0xff, 0xff, 0xff, 0xff, 0xfe,
  0x00, 0x01, 0x83, 0xf8, 0xf9, 0x00, 0x07, 0xbf, 0xff, 0xff, 0xff, 0xff, 0xff, 0xff, 0xff, 0xfe,
  0x00, 0x85, 0x83, 0xfc, 0x00, 0x80, 0x9f, 0x8f, 0xff, 0xe0, 0xff, 0xff, 0xff, 0xff, 0xff, 0xfe,
  0x00, 0x87, 0xc7, 0xf9, 0x80, 0x00, 0x9f, 0x87, 0xff, 0xfb, 0xff, 0xff, 0xff, 0xff, 0xff, 0xfe,
  0x10, 0x86, 0xc7, 0xfb, 0x01, 0x00, 0x46, 0x67, 0xff, 0xfb, 0xc6, 0x5c, 0x69, 0xa7, 0x1b, 0xbe,
  0x30, 0x43, 0xff, 0xff, 0x00, 0x00, 0x66, 0xf3, 0xff, 0xfb, 0xba, 0xab, 0xa6, 0x9a, 0xeb, 0xbe,
  0x20, 0x0e, 0xbf, 0xff, 0x05, 0x00, 0x30, 0xf3, 0xff, 0xfb, 0xba, 0xab, 0xaf, 0xbe, 0xea, 0xbe,
  0x00, 0x01, 0x2f, 0xff, 0x87, 0x00, 0x13, 0x67, 0xff, 0xfb, 0xba, 0xeb, 0xaf, 0xbe, 0xea, 0xbe,
  0x00, 0x31, 0x5f, 0xff, 0x8e, 0x00, 0x07, 0x0f, 0xff, 0xfb, 0xc6, 0xec, 0x6f, 0xbf, 0x1d, 0x7e,
  0x00, 0x20, 0xff, 0xff, 0xfe, 0x10, 0x07, 0xcf, 0xff, 0xff, 0xff, 0xff, 0xff, 0xff, 0xff, 0xfe,
  0x01, 0x6e, 0xff, 0xfe, 0xac, 0x28, 0x03, 0xcf, 0xff, 0xff, 0xff, 0xff, 0xff, 0xff, 0xff, 0xfe,
  0x01, 0x6c, 0xfe, 0xfd, 0x58, 0x0c, 0x0f, 0x8f, 0xff, 0xff, 0xff, 0xff, 0xff, 0xff, 0xff, 0xfe,
  0x01, 0x6c, 0x3f, 0xff, 0xc0, 0x78, 0x0f, 0x07, 0xff, 0xff, 0xff, 0xff, 0xff, 0xff, 0xff, 0xfe,
  0x09, 0xaf, 0x3f, 0xff, 0xc2, 0x78, 0x0f, 0x23, 0xff, 0xff, 0xff, 0xff, 0xff, 0xff, 0xff, 0xfe,
  0x0c, 0xff, 0xcf, 0xff, 0x9a, 0x00, 0x08, 0x33, 0xff, 0xff, 0xff, 0xff, 0xff, 0xff, 0xff, 0xfe,
  0x0c, 0x7f, 0xf3, 0xf8, 0x1a, 0x00, 0x08, 0x33, 0xc7, 0xff, 0xff, 0xff, 0xff, 0xff, 0xff, 0xfe,
  0x0c, 0x3f, 0xff, 0xe0, 0xfa, 0x30, 0x06, 0x23, 0xcf, 0xff, 0xff, 0xff, 0xff, 0xff, 0xff, 0xfe,
  0x04, 0x0f, 0xfb, 0xc7, 0xf6, 0x48, 0x07, 0x07, 0x8f, 0xff, 0xff, 0xff, 0xff, 0xff, 0xff, 0xfe,
  0x00, 0x07, 0xfc, 0x1f, 0xfe, 0x78, 0x06, 0x07, 0x9f, 0x3f, 0xff, 0xf7, 0xdf, 0x7f, 0xff, 0xfe,
  0x00, 0x01, 0xfc, 0x3f, 0xfc, 0x84, 0x00, 0x0f, 0xfc, 0x7f, 0xff, 0xf7, 0xdf, 0x7f, 0xff, 0xfe,
  0x18, 0x00, 0xfc, 0x3f, 0xf8, 0x94, 0x00, 0x8f, 0xf8, 0xff, 0xff, 0xf7, 0xdf, 0x7f, 0xff, 0xfe,
  0x04, 0xf0, 0xfd, 0xbf, 0x00, 0xfc, 0x00, 0x47, 0xf1, 0xff, 0xff, 0xf7, 0xdf, 0x7f, 0xff, 0xfe,
  0x02, 0x79, 0xfd, 0xbf, 0x00, 0x00, 0x00, 0x61, 0xe1, 0xff, 0xff, 0xf7, 0xdf, 0x7f, 0xff, 0xfe,
  0x03, 0x79, 0xf9, 0xbf, 0x00, 0x00, 0x00, 0x31, 0xff, 0xff, 0xff, 0xff, 0xff, 0xff, 0xff, 0xfe,
  0x01, 0x3b, 0xfb, 0xbf, 0xb8, 0x03, 0x73, 0x00, 0xff, 0xff, 0xff, 0xf7, 0xdf, 0x7f, 0xff, 0xfe,
  0x00, 0xb3, 0xfb, 0xdf, 0x98, 0x36, 0xdf, 0x80, 0xff, 0xff, 0xff, 0xff, 0xff, 0xff, 0xff, 0xfe,
  0x00, 0xc0, 0x1b, 0xdf, 0x90, 0xe5, 0xfc, 0x00, 0x1f, 0xff, 0xff, 0xff, 0xff, 0xff, 0xff, 0xfe,
  0x00, 0x47, 0xc3, 0xdf, 0xc1, 0xed, 0xf0, 0x00, 0x1f, 0xff, 0xff, 0xff, 0xff, 0xff, 0xff, 0xfe,
  0x00, 0x48, 0x79, 0xde, 0x06, 0xdb, 0xf0, 0x41, 0x8f, 0xff, 0xff, 0xff, 0xff, 0xff, 0xff, 0xfe,
  0x00, 0x00, 0x0d, 0xd8, 0x05, 0xb7, 0xe0, 0x61, 0x8f, 0xff, 0xff, 0xff, 0xff, 0xff, 0xff, 0xfe,
  0x00, 0x0f, 0xe1, 0xc1, 0xf3, 0xb5, 0xc0, 0x60, 0xcf, 0xff, 0xff, 0xff, 0xff, 0xff, 0xff, 0xfe,
  0x00, 0x10, 0x70, 0xcf, 0x03, 0x6f, 0xc0, 0x20, 0xcf, 0xff, 0xff, 0xff, 0xff, 0xff, 0xff, 0xfe,
  0x1f, 0x00, 0x1b, 0x90, 0x02, 0xef, 0xc0, 0x30, 0xcf, 0xff, 0xff, 0xff, 0xff, 0xff, 0xff, 0xfe,
  0x20, 0x0f, 0xc3, 0x00, 0xf8, 0xdb, 0x80, 0x30, 0x0f, 0xff, 0xff, 0xff, 0xff, 0xff, 0xff, 0xfe,
  0x1b, 0x1f, 0xf1, 0x06, 0x01, 0xd5, 0x00, 0x30, 0x0f, 0xff, 0xff, 0xff, 0xff, 0xff, 0xff, 0xfe,
  0x10, 0x1f, 0xf0, 0x08, 0x01, 0xbb, 0x00, 0x10, 0x1f, 0xff, 0xff, 0xff, 0xff, 0xff, 0xff, 0xfe,
  0x1f, 0x3f, 0xf4, 0x40, 0xf9, 0xbe, 0x00, 0x18, 0x1f, 0xff, 0xff, 0xff, 0xff, 0xff, 0xff, 0xfe,
  0x20, 0x3f, 0xf0, 0xc7, 0xfc, 0x6e, 0x00, 0x3c, 0x0f, 0xff, 0xff, 0xff, 0xff, 0xff, 0xff, 0xfe,
  0x0c, 0x7f, 0xf1, 0x87, 0xfe, 0x54, 0xe0, 0x00, 0x00, 0x00, 0x00, 0x00, 0x00, 0x00, 0x00, 0x00
};


const uint8_t frame12[] PROGMEM = {
  0x00, 0x00, 0x00, 0x00, 0x00, 0x00, 0x00, 0x00, 0x00, 0x00, 0x00, 0x00, 0x00, 0x00, 0x00, 0x00,
  0x3f, 0xff, 0x00, 0x00, 0x40, 0x3f, 0xff, 0x3c, 0x01, 0xff, 0xff, 0xff, 0xff, 0xff, 0xff, 0xfe,
  0x3f, 0xfc, 0x1f, 0x80, 0x00, 0x1f, 0xff, 0x78, 0x00, 0x1f, 0xff, 0xff, 0xff, 0xff, 0xff, 0xfe,
  0x3f, 0xf8, 0x79, 0x80, 0x08, 0x0f, 0xfe, 0x70, 0x00, 0x9f, 0xff, 0xff, 0xff, 0xff, 0xff, 0xfe,
  0x3f, 0xf1, 0xc0, 0x40, 0x30, 0x07, 0xfe, 0xc0, 0x02, 0xc7, 0xff, 0xff, 0xff, 0xff, 0xff, 0xfe,
  0x3f, 0xe3, 0x00, 0x00, 0x20, 0x03, 0xfe, 0xcb, 0x00, 0xe7, 0xff, 0xff, 0xff, 0xff, 0xff, 0xfe,
  0x3f, 0x8c, 0x00, 0x00, 0x00, 0x01, 0xfe, 0x93, 0x00, 0x67, 0xff, 0xff, 0xff, 0xff, 0xff, 0xfe,
  0x3f, 0x18, 0x00, 0x00, 0x00, 0x08, 0xfe, 0x12, 0x00, 0x67, 0xff, 0xff, 0xff, 0xff, 0xff, 0xfe,
  0x3e, 0x30, 0x00, 0x00, 0xc0, 0x0c, 0x7f, 0x00, 0x01, 0x4f, 0xff, 0xff, 0xff, 0xff, 0xff, 0xfe,
  0x3c, 0x60, 0xe0, 0x01, 0xf0, 0x06, 0x7f, 0x00, 0x00, 0x4f, 0xff, 0xff, 0xff, 0xff, 0xff, 0xfe,
  0x38, 0x40, 0xc0, 0x00, 0x00, 0x02, 0x3f, 0x20, 0x40, 0x1f, 0xff, 0xff, 0xff, 0xff, 0xff, 0xfe,
  0x38, 0x03, 0x01, 0x00, 0x20, 0x01, 0x3f, 0x20, 0x08, 0x3f, 0xff, 0xff, 0xff, 0xff, 0xff, 0xfe,
  0x30, 0x06, 0x02, 0x18, 0x10, 0x01, 0x1f, 0x80, 0x01, 0x7f, 0xff, 0xff, 0xff, 0xff, 0xff, 0xfe,
  0x30, 0x0c, 0x04, 0x70, 0x10, 0x10, 0x0f, 0xc0, 0x39, 0x7f, 0xff, 0xff, 0xff, 0xff, 0xff, 0xfe,
  0x30, 0x18, 0x08, 0xf0, 0x08, 0x08, 0x07, 0xf0, 0x39, 0x7f, 0xff, 0xff, 0xff, 0xff, 0xff, 0xfe,
  0x30, 0x10, 0x01, 0xf2, 0x04, 0x08, 0x33, 0xf0, 0x18, 0x7f, 0xff, 0xff, 0xff, 0xff, 0xff, 0xfe,
  0x30, 0x00, 0x03, 0xf2, 0x02, 0x04, 0x33, 0xe2, 0x00, 0xff, 0xff, 0xff, 0xff, 0xff, 0xff, 0xfe,
  0x30, 0x00, 0x07, 0xf2, 0x00, 0x04, 0x31, 0xc3, 0x87, 0xff, 0xff, 0xff, 0xff, 0xff, 0xff, 0xfe,
  0x22, 0x00, 0x0f, 0xf2, 0x00, 0x02, 0x0c, 0xe7, 0xff, 0xff, 0xff, 0xff, 0xff, 0xff, 0xff, 0xfe,
  0x06, 0x00, 0x1d, 0xfb, 0x00, 0x02, 0x0c, 0x7f, 0xff, 0xff, 0xff, 0xff, 0xff, 0xff, 0xff, 0xfe,
  0x0c, 0x00, 0x81, 0xd9, 0x00, 0x03, 0x1e, 0x3f, 0xff, 0xff, 0xff, 0xff, 0xff, 0xff, 0xff, 0xfe,
  0x1c, 0x01, 0xdf, 0x99, 0x82, 0x01, 0x1d, 0x9f, 0xff, 0xff, 0xff, 0xff, 0xff, 0xff, 0xff, 0xfe,
  0x18, 0x03, 0xdf, 0xf8, 0xc2, 0x01, 0x1d, 0xcf, 0xff, 0xff, 0xff, 0xff, 0xff, 0xff, 0x7f, 0xfe,
  0x18, 0x03, 0x1f, 0xfc, 0x60, 0x00, 0x1d, 0xcf, 0xff, 0xfe, 0x1f, 0xff, 0xff, 0xff, 0x7f, 0xfe,
  0x10, 0x04, 0x07, 0xff, 0x01, 0x00, 0x01, 0x8f, 0xff, 0xfd, 0xd8, 0xff, 0x8d, 0x39, 0x7f, 0xfe,
  0x00, 0x01, 0xc3, 0xff, 0xe1, 0x00, 0x06, 0x3f, 0xff, 0xfd, 0xd7, 0x7f, 0xf4, 0xd6, 0x7f, 0xfe,
  0x00, 0x01, 0x83, 0xf8, 0xf9, 0x00, 0x07, 0xbf, 0xff, 0xfe, 0x17, 0x7f, 0x85, 0xd7, 0x7f, 0xfe,
  0x00, 0x85, 0x83, 0xfc, 0x00, 0x80, 0x9f, 0x8f, 0xff, 0xff, 0xd7, 0x7f, 0x75, 0xd7, 0x7f, 0xfe,
  0x00, 0x87, 0xc7, 0xf9, 0x80, 0x00, 0x9f, 0x87, 0xff, 0xfe, 0x38, 0xff, 0x85, 0xd8, 0x7f, 0xfe,
  0x10, 0x86, 0xc7, 0xfb, 0x01, 0x00, 0x46, 0x67, 0xff, 0xff, 0xff, 0xff, 0xff, 0xff, 0xff, 0xfe,
  0x30, 0x43, 0xff, 0xff, 0x00, 0x00, 0x66, 0xf3, 0xff, 0xff, 0xff, 0xff, 0xff, 0xff, 0xff, 0xfe,
  0x20, 0x0e, 0xbf, 0xff, 0x05, 0x00, 0x30, 0xf3, 0xff, 0xff, 0xff, 0xff, 0xff, 0xff, 0xff, 0xfe,
  0x00, 0x01, 0x2f, 0xff, 0x87, 0x00, 0x13, 0x67, 0xff, 0xff, 0xff, 0xff, 0xff, 0xff, 0xff, 0xfe,
  0x00, 0x31, 0x5f, 0xff, 0x8e, 0x00, 0x07, 0x0f, 0xff, 0xff, 0xff, 0xff, 0xff, 0xff, 0xff, 0xfe,
  0x00, 0x20, 0xff, 0xff, 0xfe, 0x10, 0x07, 0xcf, 0xff, 0xf8, 0x6f, 0xff, 0xdf, 0xff, 0xff, 0xfe,
  0x01, 0x6e, 0xff, 0xfe, 0xac, 0x28, 0x03, 0xcf, 0xff, 0xf7, 0xef, 0xff, 0xdf, 0xff, 0xff, 0xfe,
  0x01, 0x6c, 0xfe, 0xfd, 0x58, 0x0c, 0x0f, 0x8f, 0xff, 0xf7, 0xc7, 0x76, 0x57, 0x7f, 0xff, 0xfe,
  0x01, 0x6c, 0x3f, 0xff, 0xc0, 0x78, 0x0f, 0x07, 0xff, 0xf8, 0xef, 0x75, 0x97, 0x7f, 0xff, 0xfe,
  0x09, 0xaf, 0x3f, 0xff, 0xc2, 0x78, 0x0f, 0x23, 0xff, 0xff, 0x6f, 0x75, 0xd8, 0x7f, 0xff, 0xfe,
  0x0c, 0xff, 0xcf, 0xff, 0x9a, 0x00, 0x08, 0x33, 0xff, 0xff, 0x6d, 0x65, 0xdf, 0x67, 0x9e, 0x7e,
  0x0c, 0x7f, 0xf3, 0xf8, 0x1a, 0x00, 0x08, 0x33, 0xc7, 0xf0, 0xf3, 0x96, 0x18, 0xe7, 0x9e, 0x7e,
  0x0c, 0x3f, 0xff, 0xe0, 0xfa, 0x30, 0x06, 0x23, 0xcf, 0xff, 0xff, 0xff, 0xff, 0xff, 0xff, 0xfe,
  0x04, 0x0f, 0xfb, 0xc7, 0xf6, 0x48, 0x07, 0x07, 0x8f, 0xff, 0xff, 0xff, 0xff, 0xff, 0xff, 0xfe,
  0x00, 0x07, 0xfc, 0x1f, 0xfe, 0x78, 0x06, 0x07, 0x9f, 0x3f, 0xff, 0xff, 0xff, 0xff, 0xff, 0xfe,
  0x00, 0x01, 0xfc, 0x3f, 0xfc, 0x84, 0x00, 0x0f, 0xfc, 0x7f, 0xff, 0xff, 0xff, 0xff, 0xff, 0xfe,
  0x18, 0x00, 0xfc, 0x3f, 0xf8, 0x94, 0x00, 0x8f, 0xf8, 0xff, 0xff, 0xff, 0xff, 0xff, 0xff, 0xfe,
  0x04, 0xf0, 0xfd, 0xbf, 0x00, 0xfc, 0x00, 0x47, 0xf1, 0xff, 0xff, 0xff, 0xff, 0xff, 0xff, 0xfe,
  0x02, 0x79, 0xfd, 0xbf, 0x00, 0x00, 0x00, 0x61, 0xe1, 0xff, 0xff, 0xff, 0xff, 0xff, 0xff, 0xfe,
  0x03, 0x79, 0xf9, 0xbf, 0x00, 0x00, 0x00, 0x31, 0xff, 0xff, 0xff, 0xff, 0xff, 0xff, 0xff, 0xfe,
  0x01, 0x3b, 0xfb, 0xbf, 0xb8, 0x03, 0x73, 0x00, 0xff, 0xff, 0xff, 0xff, 0xff, 0xff, 0xff, 0xfe,
  0x00, 0xb3, 0xfb, 0xdf, 0x98, 0x36, 0xdf, 0x80, 0xff, 0xff, 0xff, 0xff, 0xff, 0xff, 0xff, 0xfe,
  0x00, 0xc0, 0x1b, 0xdf, 0x90, 0xe5, 0xfc, 0x00, 0x1f, 0xff, 0xff, 0xff, 0xff, 0xff, 0xff, 0xfe,
  0x00, 0x47, 0xc3, 0xdf, 0xc1, 0xed, 0xf0, 0x00, 0x1f, 0xff, 0xff, 0xff, 0xff, 0xff, 0xff, 0xfe,
  0x00, 0x48, 0x79, 0xde, 0x06, 0xdb, 0xf0, 0x41, 0x8f, 0xff, 0xff, 0xff, 0xff, 0xff, 0xff, 0xfe,
  0x00, 0x00, 0x0d, 0xd8, 0x05, 0xb7, 0xe0, 0x61, 0x8f, 0xff, 0xff, 0xff, 0xff, 0xff, 0xff, 0xfe,
  0x00, 0x0f, 0xe1, 0xc1, 0xf3, 0xb5, 0xc0, 0x60, 0xcf, 0xff, 0xff, 0xff, 0xff, 0xff, 0xff, 0xfe,
  0x00, 0x10, 0x70, 0xcf, 0x03, 0x6f, 0xc0, 0x20, 0xcf, 0xff, 0xff, 0xff, 0xff, 0xff, 0xff, 0xfe,
  0x1f, 0x00, 0x1b, 0x90, 0x02, 0xef, 0xc0, 0x30, 0xcf, 0xff, 0xff, 0xff, 0xff, 0xff, 0xff, 0xfe,
  0x20, 0x0f, 0xc3, 0x00, 0xf8, 0xdb, 0x80, 0x30, 0x0f, 0xff, 0xff, 0xff, 0xff, 0xff, 0xff, 0xfe,
  0x1b, 0x1f, 0xf1, 0x06, 0x01, 0xd5, 0x00, 0x30, 0x0f, 0xff, 0xff, 0xff, 0xff, 0xff, 0xff, 0xfe,
  0x10, 0x1f, 0xf0, 0x08, 0x01, 0xbb, 0x00, 0x10, 0x1f, 0xff, 0xff, 0xff, 0xff, 0xff, 0xff, 0xfe,
  0x1f, 0x3f, 0xf4, 0x40, 0xf9, 0xbe, 0x00, 0x18, 0x1f, 0xff, 0xff, 0xff, 0xff, 0xff, 0xff, 0xfe,
  0x20, 0x3f, 0xf0, 0xc7, 0xfc, 0x6e, 0x00, 0x3c, 0x0f, 0xff, 0xff, 0xff, 0xff, 0xff, 0xff, 0xfe,
  0x0c, 0x7f, 0xf1, 0x87, 0xfe, 0x54, 0xe0, 0x00, 0x00, 0x00, 0x00, 0x00, 0x00, 0x00, 0x00, 0x00
};

const uint8_t frame13[] PROGMEM = {
  0x00, 0x00, 0x00, 0x00, 0x00, 0x00, 0x00, 0x00, 0x00, 0x00, 0x00, 0x00, 0x00, 0x00, 0x00, 0x00,
  0x00, 0x00, 0x00, 0x00, 0x00, 0x00, 0x00, 0x7c, 0x00, 0x00, 0x00, 0x00, 0x00, 0x00, 0x00, 0x00,
  0x00, 0x00, 0x00, 0x00, 0x00, 0x00, 0x01, 0xe4, 0x00, 0x00, 0x00, 0x00, 0x00, 0x00, 0x00, 0x00,
  0x00, 0x00, 0x00, 0x00, 0x00, 0x00, 0x03, 0x84, 0x00, 0x00, 0x00, 0x00, 0x00, 0x00, 0x00, 0x00,
  0x00, 0x00, 0x00, 0x00, 0x00, 0x00, 0x03, 0x04, 0x00, 0x00, 0x00, 0x00, 0x00, 0x00, 0x00, 0x00,
  0x00, 0x00, 0x00, 0x00, 0x00, 0x00, 0x01, 0x82, 0x00, 0x00, 0x00, 0x00, 0x00, 0x00, 0x00, 0x00,
  0x00, 0x00, 0x00, 0x00, 0x00, 0x00, 0x00, 0x83, 0x00, 0x00, 0x00, 0x00, 0x00, 0x00, 0x00, 0x00,
  0x00, 0x00, 0x00, 0x00, 0x00, 0x00, 0x00, 0xc1, 0x00, 0x00, 0x00, 0x00, 0x00, 0x00, 0x00, 0x00,
  0x00, 0x00, 0x00, 0x00, 0x00, 0x00, 0x00, 0x41, 0x80, 0x00, 0x00, 0x00, 0x00, 0x00, 0x00, 0x00,
  0x00, 0x00, 0x00, 0x00, 0x00, 0x00, 0x00, 0x40, 0xc0, 0x00, 0x00, 0x00, 0x00, 0x00, 0x00, 0x00,
  0x00, 0x00, 0x00, 0x00, 0x00, 0x00, 0x00, 0x07, 0xf0, 0x00, 0x00, 0x00, 0x00, 0x00, 0x00, 0x00,
  0x00, 0x00, 0x00, 0x00, 0x00, 0x00, 0x00, 0x6f, 0xf8, 0x00, 0x00, 0x00, 0x00, 0x00, 0x00, 0x00,
  0x00, 0x00, 0x00, 0x00, 0x00, 0x00, 0x01, 0xdf, 0xfe, 0x00, 0x00, 0x00, 0x00, 0x00, 0x00, 0x00,
  0x00, 0x00, 0x00, 0x00, 0x00, 0x00, 0x03, 0xdf, 0xff, 0x00, 0x00, 0x00, 0x00, 0x00, 0x00, 0x00,
  0x00, 0x00, 0x00, 0x00, 0x00, 0x00, 0x03, 0x9f, 0xff, 0x80, 0x00, 0x00, 0x00, 0x00, 0x00, 0x00,
  0x00, 0x00, 0x00, 0x00, 0x00, 0x00, 0x03, 0xbf, 0xff, 0x80, 0x00, 0x00, 0x00, 0x00, 0x00, 0x00,
  0x00, 0x00, 0x00, 0x00, 0x00, 0x00, 0x07, 0x7f, 0xff, 0xc0, 0x00, 0x00, 0x00, 0x00, 0x00, 0x00,
  0x00, 0x00, 0x00, 0x00, 0x00, 0x00, 0x07, 0x7f, 0xff, 0xc0, 0x00, 0x00, 0x00, 0x00, 0x00, 0x00,
  0x00, 0x00, 0x00, 0x00, 0x00, 0x00, 0x07, 0xc0, 0x3f, 0xe0, 0x00, 0x00, 0x00, 0x00, 0x00, 0x00,
  0x00, 0x00, 0x00, 0x00, 0x00, 0x00, 0x06, 0x0d, 0x03, 0xe0, 0x00, 0x00, 0x00, 0x00, 0x00, 0x00,
  0x00, 0x00, 0x00, 0x00, 0x00, 0x00, 0x0c, 0x6f, 0x61, 0xe0, 0x00, 0x00, 0x00, 0x00, 0x00, 0x00,
  0x00, 0x00, 0x00, 0x00, 0x00, 0x00, 0x18, 0xff, 0xf0, 0xf0, 0x00, 0x00, 0x00, 0x00, 0x00, 0x00,
  0x00, 0x00, 0x00, 0x00, 0x00, 0x00, 0x13, 0xed, 0x7c, 0x70, 0x00, 0x00, 0x00, 0x00, 0x00, 0x00,
  0x00, 0x00, 0x00, 0x00, 0x00, 0x00, 0x13, 0xcd, 0x7f, 0x38, 0x00, 0x00, 0x00, 0x00, 0x00, 0x00,
  0x00, 0x00, 0x00, 0x00, 0x00, 0x00, 0x2f, 0xff, 0xff, 0x38, 0x00, 0x00, 0x00, 0x00, 0x00, 0x00,
  0x00, 0x00, 0x00, 0x00, 0x00, 0x00, 0x2c, 0x3f, 0xc3, 0x98, 0x00, 0x00, 0x00, 0x00, 0x00, 0x00,
  0x00, 0x00, 0x00, 0x00, 0x00, 0x00, 0x0e, 0x1f, 0x8f, 0x9c, 0x00, 0x00, 0x00, 0x00, 0x00, 0x00,
  0x00, 0x00, 0x00, 0x00, 0x00, 0x00, 0x1f, 0xff, 0xfe, 0x18, 0x00, 0x00, 0x00, 0x00, 0x00, 0x00,
  0x00, 0x00, 0x00, 0x00, 0x00, 0x00, 0x3f, 0xf3, 0xf7, 0xc0, 0x00, 0x00, 0x00, 0x00, 0x00, 0x00,
  0x00, 0x00, 0x00, 0x00, 0x00, 0x0f, 0xfc, 0xfb, 0xf7, 0x7f, 0xc0, 0x00, 0x00, 0x00, 0x00, 0x00,
  0x00, 0x00, 0x00, 0x00, 0x00, 0x1f, 0x9d, 0xf3, 0xfb, 0x83, 0xf8, 0x00, 0x00, 0x00, 0x00, 0x00,
  0x00, 0x00, 0x00, 0x00, 0x00, 0x7c, 0x39, 0x80, 0x33, 0xd9, 0xfe, 0x00, 0x00, 0x00, 0x00, 0x00,
  0x00, 0x00, 0x00, 0x00, 0x01, 0xe0, 0x3f, 0x00, 0x19, 0xdc, 0x3f, 0x00, 0x00, 0x00, 0x00, 0x00,
  0x00, 0x00, 0x00, 0x00, 0x03, 0xc0, 0x19, 0x0f, 0x1d, 0x9c, 0x0f, 0xc0, 0x00, 0x00, 0x00, 0x00,
  0x00, 0x00, 0x00, 0x00, 0x0f, 0x80, 0x17, 0x3f, 0x9d, 0xbc, 0x03, 0xe0, 0x00, 0x00, 0x00, 0x00,
  0x00, 0x00, 0x00, 0x00, 0x1f, 0x00, 0x1f, 0xff, 0xfe, 0x7c, 0x01, 0xf0, 0x00, 0x00, 0x00, 0x00,
  0x00, 0x00, 0x00, 0x00, 0x1f, 0x00, 0x09, 0xff, 0xfc, 0x7c, 0x00, 0xf8, 0x00, 0x00, 0x00, 0x00,
  0x00, 0x00, 0x00, 0x00, 0x3e, 0x00, 0x04, 0xef, 0xf0, 0xfc, 0x00, 0x7c, 0x00, 0x00, 0x00, 0x00,
  0x00, 0x00, 0x00, 0x00, 0x7c, 0x00, 0x03, 0x80, 0x07, 0xfc, 0x00, 0x7c, 0x00, 0x00, 0x00, 0x00,
  0x00, 0x00, 0x00, 0x00, 0xf8, 0x00, 0x03, 0xf0, 0x3f, 0x78, 0x00, 0x3e, 0x00, 0x00, 0x00, 0x00,
  0x00, 0x00, 0x00, 0x00, 0xf0, 0x00, 0x01, 0x7f, 0xff, 0x78, 0x00, 0x1f, 0x00, 0x00, 0x00, 0x00,
  0x00, 0x00, 0x00, 0x01, 0xf0, 0x00, 0x01, 0x7f, 0xfe, 0xf8, 0x00, 0x1f, 0x00, 0x00, 0x00, 0x00,
  0x00, 0x00, 0x00, 0x03, 0xe0, 0x00, 0x01, 0x7f, 0xfe, 0xf8, 0x00, 0x0f, 0x80, 0x00, 0x00, 0x00,
  0x00, 0x00, 0x00, 0x03, 0xc0, 0x00, 0x0d, 0x7b, 0xfd, 0xf0, 0x00, 0x0f, 0x80, 0x00, 0x00, 0x00,
  0x00, 0x00, 0x00, 0x03, 0xc0, 0x00, 0x7d, 0x79, 0xfd, 0xf8, 0x00, 0x07, 0xc0, 0x00, 0x00, 0x00,
  0x00, 0x00, 0x00, 0x07, 0xc0, 0x00, 0xfd, 0x7d, 0xff, 0xef, 0x80, 0x07, 0xc0, 0x00, 0x00, 0x00,
  0x00, 0x00, 0x00, 0x07, 0xc0, 0x00, 0xf9, 0x7f, 0xfb, 0xdf, 0x80, 0x07, 0xc0, 0x00, 0x00, 0x00,
  0x00, 0x00, 0x00, 0x07, 0x80, 0x01, 0xe1, 0xbf, 0xf7, 0xcf, 0xc0, 0x07, 0xe0, 0x00, 0x00, 0x00,
  0x00, 0x00, 0x00, 0x0f, 0x80, 0x00, 0xc1, 0xbf, 0xef, 0x83, 0xc0, 0x03, 0xe0, 0x00, 0x00, 0x00,
  0x00, 0x00, 0x00, 0x0f, 0x00, 0x00, 0x01, 0xbf, 0xdf, 0xa1, 0x80, 0x03, 0xe0, 0x00, 0x00, 0x00,
  0x00, 0x00, 0x00, 0x0f, 0x00, 0x00, 0x01, 0xdf, 0xbf, 0x00, 0x00, 0x03, 0xe0, 0x00, 0x00, 0x00,
  0x00, 0x00, 0x00, 0xcf, 0x00, 0x00, 0x00, 0xdf, 0xfe, 0x40, 0x00, 0x03, 0xe0, 0x00, 0x00, 0x00,
  0x00, 0x00, 0x00, 0x1f, 0x00, 0x00, 0x00, 0xeb, 0xfc, 0x80, 0x00, 0x01, 0xf4, 0x00, 0x00, 0x00,
  0x00, 0x00, 0x02, 0x1f, 0x60, 0x00, 0x00, 0x60, 0x79, 0x80, 0x00, 0x01, 0xf0, 0x00, 0x00, 0x00,
  0x00, 0x00, 0x00, 0x1e, 0x28, 0x00, 0x00, 0x20, 0xf3, 0x80, 0x00, 0x01, 0xf2, 0x80, 0x00, 0x00,
  0x00, 0x00, 0x08, 0x3e, 0x24, 0x00, 0x00, 0xc1, 0xc7, 0x80, 0x00, 0x31, 0xf8, 0x00, 0x00, 0x00,
  0x00, 0x00, 0x00, 0x3e, 0x0f, 0x00, 0x01, 0xe0, 0x0f, 0x80, 0x00, 0x39, 0xf8, 0x80, 0x00, 0x00,
  0x00, 0x00, 0x01, 0x9e, 0x18, 0x80, 0x01, 0xf0, 0x1f, 0xc0, 0x00, 0x08, 0xf9, 0x80, 0x00, 0x00,
  0x00, 0x00, 0x09, 0x9e, 0x60, 0x40, 0x03, 0xf0, 0x6f, 0xc0, 0x00, 0x16, 0xf3, 0x00, 0x00, 0x00,
  0x00, 0x00, 0x08, 0x7f, 0xe0, 0x00, 0x07, 0xf0, 0x6f, 0xc0, 0x00, 0x47, 0xfe, 0x20, 0x00, 0x00,
  0x00, 0x00, 0x00, 0xff, 0xe6, 0x00, 0x0f, 0xe0, 0x07, 0xe0, 0x00, 0x43, 0xfc, 0x60, 0x00, 0x00,
  0x00, 0x00, 0x01, 0xff, 0xc0, 0x00, 0x0f, 0xe0, 0x03, 0xe0, 0x00, 0x03, 0xfc, 0x80, 0x00, 0x00,
  0x00, 0x00, 0x02, 0x00, 0x00, 0x00, 0x00, 0x00, 0x00, 0x00, 0x00, 0x00, 0xe0, 0x00, 0x00, 0x00,
  0x00, 0x00, 0x00, 0x00, 0x00, 0x00, 0x00, 0x00, 0x00, 0x00, 0x00, 0x00, 0x00, 0x00, 0x00, 0x00
};

const uint8_t PROGMEM frame14[1024] = {
  0x00, 0x00, 0x00, 0x00, 0x00, 0x00, 0x00, 0x00, 0x00, 0x00, 0x00, 0x00, 0x00, 0x00, 0x00, 0x00,
  0x00, 0x00, 0x00, 0x00, 0x00, 0x00, 0x00, 0x00, 0x00, 0x00, 0x00, 0x00, 0x00, 0x00, 0x00, 0x00,
  0x00, 0x00, 0x00, 0x00, 0x00, 0x00, 0x00, 0x00, 0x00, 0x00, 0x00, 0x00, 0x00, 0x00, 0x00, 0x00,
  0x00, 0x00, 0x00, 0x00, 0x00, 0x00, 0x00, 0x00, 0x00, 0x00, 0x00, 0x00, 0x00, 0x00, 0x00, 0x00,
  0x00, 0x00, 0x00, 0x00, 0x00, 0x00, 0x00, 0x00, 0x00, 0x00, 0x00, 0x00, 0x00, 0x00, 0x00, 0x00,
  0x00, 0x00, 0x00, 0x00, 0x00, 0x00, 0x00, 0x00, 0x00, 0x00, 0x00, 0x00, 0x00, 0x00, 0x00, 0x00,
  0x00, 0x00, 0x00, 0x00, 0x00, 0x00, 0x00, 0x00, 0x00, 0x00, 0x00, 0x00, 0x00, 0x00, 0x00, 0x00,
  0x00, 0x00, 0x00, 0x00, 0x00, 0x00, 0x00, 0x00, 0x00, 0x00, 0x00, 0x00, 0x00, 0x00, 0x00, 0x00,
  0x00, 0x00, 0x00, 0x00, 0x00, 0x00, 0x00, 0x00, 0x00, 0x00, 0x00, 0x00, 0x00, 0x00, 0x00, 0x00,
  0x00, 0x00, 0x00, 0x00, 0x00, 0x00, 0x00, 0x00, 0x00, 0x00, 0x00, 0x00, 0x00, 0x00, 0x00, 0x00,
  0x00, 0x00, 0x00, 0x00, 0x00, 0x00, 0x00, 0x00, 0x00, 0x00, 0x00, 0x00, 0x00, 0x00, 0x00, 0x00,
  0x00, 0x00, 0x00, 0x00, 0x00, 0x00, 0x00, 0x00, 0x00, 0x00, 0x00, 0x00, 0x00, 0x00, 0x00, 0x00,
  0x00, 0x00, 0x00, 0x00, 0x00, 0x00, 0x00, 0x00, 0x00, 0x00, 0x00, 0x00, 0x00, 0x00, 0x00, 0x00,
  0x00, 0x00, 0x00, 0x00, 0x00, 0x00, 0x00, 0x00, 0x00, 0x00, 0x00, 0x00, 0x00, 0x00, 0x00, 0x00,
  0x00, 0x00, 0x00, 0x00, 0x00, 0x00, 0x00, 0x00, 0x00, 0x00, 0x00, 0x00, 0x00, 0x00, 0x00, 0x00,
  0x00, 0x00, 0x00, 0x00, 0x00, 0x00, 0x00, 0x00, 0x00, 0x00, 0x00, 0x00, 0x00, 0x00, 0x00, 0x00,
  0x00, 0x00, 0x00, 0x00, 0x00, 0x00, 0x00, 0x00, 0x00, 0x00, 0x00, 0x00, 0x00, 0x00, 0x00, 0x00,
  0x00, 0x00, 0x00, 0x00, 0x00, 0x00, 0x00, 0x00, 0x00, 0x00, 0x00, 0x00, 0x00, 0x00, 0x00, 0x00,
  0x00, 0x00, 0x00, 0x00, 0x00, 0x00, 0x00, 0x00, 0x00, 0x00, 0x00, 0x00, 0x00, 0x00, 0x00, 0x00,
  0x00, 0x00, 0x00, 0x07, 0x04, 0x00, 0x00, 0x08, 0x00, 0x10, 0x10, 0x00, 0x00, 0x00, 0x00, 0x00,
  0x00, 0x00, 0x00, 0x04, 0x80, 0x00, 0x00, 0x08, 0x00, 0x10, 0x10, 0x00, 0x00, 0x00, 0x00, 0x00,
  0x00, 0x00, 0x00, 0x04, 0x4c, 0x58, 0xe3, 0x9c, 0x38, 0xd0, 0x16, 0x44, 0x00, 0x00, 0x00, 0x00,
  0x00, 0x00, 0x00, 0x04, 0x44, 0x65, 0x14, 0x08, 0x45, 0x30, 0x19, 0x44, 0x00, 0x00, 0x00, 0x00,
  0x00, 0x00, 0x00, 0x04, 0x44, 0x41, 0xf4, 0x08, 0x7d, 0x10, 0x11, 0x3c, 0x00, 0x00, 0x00, 0x00,
  0x00, 0x00, 0x00, 0x04, 0x84, 0x41, 0x04, 0x49, 0x41, 0x10, 0x11, 0x04, 0x00, 0x00, 0x00, 0x00,
  0x00, 0x00, 0x00, 0x07, 0x0e, 0x40, 0xe3, 0x86, 0x38, 0xf0, 0x1e, 0x38, 0x00, 0x00, 0x00, 0x00,
  0x00, 0x00, 0x00, 0x00, 0x00, 0x00, 0x00, 0x00, 0x00, 0x00, 0x00, 0x00, 0x00, 0x00, 0x00, 0x00,
  0x00, 0x00, 0x00, 0x00, 0x00, 0x00, 0x00, 0x00, 0x00, 0x00, 0x00, 0x00, 0x00, 0x00, 0x00, 0x00,
  0x00, 0x00, 0x00, 0x00, 0x00, 0x00, 0x00, 0x00, 0x00, 0x00, 0x00, 0x00, 0x00, 0x00, 0x00, 0x00,
  0x00, 0x00, 0x00, 0x00, 0x00, 0x00, 0x00, 0x00, 0x00, 0x00, 0x00, 0x00, 0x00, 0x00, 0x00, 0x00,
  0x00, 0x00, 0x00, 0x00, 0x00, 0x00, 0x00, 0x00, 0x00, 0x00, 0x00, 0x00, 0x00, 0x00, 0x00, 0x00,
  0x00, 0x00, 0x00, 0x00, 0x00, 0x00, 0x00, 0x00, 0x00, 0x00, 0x00, 0x00, 0x00, 0x00, 0x00, 0x00,
  0x00, 0x00, 0x00, 0x00, 0x00, 0x00, 0x00, 0x00, 0x00, 0x00, 0x00, 0x00, 0x00, 0x00, 0x00, 0x00,
  0x00, 0x00, 0x00, 0x00, 0x00, 0x00, 0x00, 0x00, 0x00, 0x00, 0x00, 0x00, 0x00, 0x00, 0x00, 0x00,
  0x00, 0x00, 0x00, 0x00, 0x00, 0x00, 0x00, 0x00, 0x00, 0x00, 0x00, 0x00, 0x00, 0x00, 0x00, 0x00,
  0x00, 0x00, 0x00, 0x00, 0x00, 0x00, 0x00, 0x00, 0x00, 0x00, 0x00, 0x00, 0x00, 0x00, 0x00, 0x00,
  0x00, 0x00, 0x00, 0x00, 0x00, 0x01, 0x10, 0x00, 0x00, 0x60, 0x00, 0x00, 0x00, 0x00, 0x00, 0x00,
  0x00, 0x00, 0x00, 0x00, 0x00, 0x01, 0xb0, 0x00, 0x00, 0x90, 0x00, 0x00, 0x00, 0x00, 0x00, 0x00,
  0x00, 0x00, 0x00, 0x00, 0x00, 0x01, 0x53, 0x96, 0x44, 0x80, 0x00, 0x00, 0x00, 0x00, 0x00, 0x00,
  0x00, 0x00, 0x00, 0x00, 0x00, 0x01, 0x50, 0x59, 0x45, 0xc0, 0x00, 0x00, 0x00, 0x00, 0x00, 0x00,
  0x00, 0x00, 0x00, 0x00, 0x00, 0x01, 0x13, 0xd0, 0x44, 0x80, 0x00, 0x00, 0x00, 0x00, 0x00, 0x00,
  0x00, 0x00, 0x00, 0x00, 0x00, 0x01, 0x14, 0x50, 0x4c, 0x80, 0x00, 0x00, 0x00, 0x00, 0x00, 0x00,
  0x00, 0x00, 0x00, 0x00, 0x00, 0x01, 0x13, 0xd0, 0x34, 0x80, 0x00, 0x00, 0x00, 0x00, 0x00, 0x00,
  0x00, 0x00, 0x00, 0x00, 0x00, 0x00, 0x00, 0x00, 0x00, 0x00, 0x00, 0x00, 0x00, 0x00, 0x00, 0x00,
  0x00, 0x00, 0x00, 0x00, 0x00, 0x00, 0x00, 0x00, 0x00, 0x00, 0x00, 0x00, 0x00, 0x00, 0x00, 0x00,
  0x00, 0x00, 0x00, 0x00, 0x00, 0x00, 0x00, 0x00, 0x00, 0x00, 0x00, 0x00, 0x00, 0x00, 0x00, 0x00,
  0x00, 0x00, 0x00, 0x00, 0x00, 0x00, 0x00, 0x00, 0x00, 0x00, 0x00, 0x00, 0x00, 0x00, 0x00, 0x00,
  0x00, 0x00, 0x00, 0x00, 0x00, 0x00, 0x00, 0x00, 0x00, 0x00, 0x00, 0x00, 0x00, 0x00, 0x00, 0x00,
  0x00, 0x00, 0x00, 0x00, 0x00, 0x00, 0x00, 0x00, 0x00, 0x00, 0x00, 0x00, 0x00, 0x00, 0x00, 0x00,
  0x00, 0x00, 0x00, 0x00, 0x00, 0x00, 0x00, 0x00, 0x00, 0x00, 0x00, 0x00, 0x00, 0x00, 0x00, 0x00,
  0x00, 0x00, 0x00, 0x00, 0x00, 0x00, 0x00, 0x00, 0x00, 0x00, 0x00, 0x00, 0x00, 0x00, 0x00, 0x00,
  0x00, 0x00, 0x00, 0x00, 0x00, 0x00, 0x00, 0x00, 0x00, 0x00, 0x00, 0x00, 0x00, 0x00, 0x00, 0x00,
  0x00, 0x00, 0x00, 0x00, 0x00, 0x00, 0x00, 0x00, 0x00, 0x00, 0x00, 0x00, 0x00, 0x00, 0x00, 0x00,
  0x00, 0x00, 0x00, 0x00, 0x00, 0x00, 0x00, 0x00, 0x00, 0x00, 0x00, 0x00, 0x00, 0x00, 0x00, 0x00,
  0x00, 0x00, 0x00, 0x00, 0x00, 0x00, 0x00, 0x00, 0x00, 0x00, 0x00, 0x00, 0x00, 0x00, 0x00, 0x00,
  0x00, 0x00, 0x00, 0x00, 0x00, 0x00, 0x00, 0x00, 0x00, 0x00, 0x00, 0x00, 0x00, 0x00, 0x00, 0x00,
  0x00, 0x00, 0x00, 0x00, 0x00, 0x00, 0x00, 0x00, 0x00, 0x00, 0x00, 0x00, 0x00, 0x00, 0x00, 0x00,
  0x00, 0x00, 0x00, 0x00, 0x00, 0x00, 0x00, 0x00, 0x00, 0x00, 0x00, 0x00, 0x00, 0x00, 0x00, 0x00,
  0x00, 0x00, 0x00, 0x00, 0x00, 0x00, 0x00, 0x00, 0x00, 0x00, 0x00, 0x00, 0x00, 0x00, 0x00, 0x00,
  0x00, 0x00, 0x00, 0x00, 0x00, 0x00, 0x00, 0x00, 0x00, 0x00, 0x00, 0x00, 0x00, 0x00, 0x00, 0x00,
  0x00, 0x00, 0x00, 0x00, 0x00, 0x00, 0x00, 0x00, 0x00, 0x00, 0x00, 0x00, 0x00, 0x00, 0x00, 0x00,
  0x00, 0x00, 0x00, 0x00, 0x00, 0x00, 0x00, 0x00, 0x00, 0x00, 0x00, 0x00, 0x00, 0x00, 0x00, 0x00,
  0x00, 0x00, 0x00, 0x00, 0x00, 0x00, 0x00, 0x00, 0x00, 0x00, 0x00, 0x00, 0x00, 0x00, 0x00, 0x00,
  0x00, 0x00, 0x00, 0x00, 0x00, 0x00, 0x00, 0x00, 0x00, 0x00, 0x00, 0x00, 0x00, 0x00, 0x00, 0x00
};

const uint8_t PROGMEM frame15[1024] = {
  0x00, 0x00, 0x00, 0x00, 0x00, 0x00, 0x00, 0x00, 0x00, 0x00, 0x00, 0x00, 0x00, 0x00, 0x00, 0x00,
  0x00, 0x00, 0x00, 0x00, 0x00, 0x00, 0x00, 0x00, 0x00, 0x00, 0x00, 0x00, 0x00, 0x00, 0x00, 0x00,
  0x00, 0x00, 0x00, 0x00, 0x00, 0x00, 0x00, 0x00, 0x00, 0x00, 0x00, 0x00, 0x00, 0x00, 0x00, 0x00,
  0x00, 0x00, 0x00, 0x00, 0x00, 0x00, 0x00, 0x00, 0x00, 0x00, 0x00, 0x00, 0x00, 0x00, 0x00, 0x00,
  0x00, 0x00, 0x00, 0x00, 0x00, 0x00, 0x00, 0x00, 0x00, 0x00, 0x00, 0x00, 0x00, 0x00, 0x00, 0x00,
  0x00, 0x00, 0x00, 0x00, 0x00, 0x00, 0x00, 0x00, 0x00, 0x00, 0x00, 0x00, 0x00, 0x00, 0x00, 0x00,
  0x00, 0x00, 0x00, 0x00, 0x00, 0x00, 0x00, 0x00, 0x00, 0x00, 0x00, 0x00, 0x00, 0x00, 0x00, 0x00,
  0x00, 0x00, 0x00, 0x00, 0x00, 0x00, 0x00, 0x00, 0x00, 0x00, 0x00, 0x00, 0x00, 0x00, 0x00, 0x00,
  0x00, 0x00, 0x00, 0x00, 0x00, 0x00, 0x00, 0x00, 0x00, 0x00, 0x00, 0x00, 0x00, 0x00, 0x00, 0x00,
  0x00, 0x00, 0x00, 0x00, 0x00, 0x00, 0x00, 0x00, 0x00, 0x00, 0x00, 0x00, 0x00, 0x00, 0x00, 0x00,
  0x00, 0x00, 0x00, 0x00, 0x00, 0x00, 0x00, 0x00, 0x00, 0x00, 0x00, 0x00, 0x00, 0x00, 0x00, 0x00,
  0x00, 0x00, 0x00, 0x00, 0x00, 0x00, 0x00, 0x00, 0x00, 0x00, 0x00, 0x00, 0x00, 0x00, 0x00, 0x00,
  0x00, 0x1f, 0x00, 0x00, 0x00, 0x20, 0x40, 0x00, 0x00, 0x00, 0x00, 0x04, 0x00, 0x00, 0x00, 0x00,
  0x00, 0x10, 0x00, 0x00, 0x00, 0x20, 0x00, 0x00, 0x00, 0x00, 0x00, 0x04, 0x00, 0x00, 0x00, 0x00,
  0x00, 0x10, 0x44, 0xe3, 0x91, 0x70, 0xc4, 0x4e, 0x01, 0xe5, 0x8e, 0x35, 0x13, 0x8e, 0x58, 0x00,
  0x00, 0x1e, 0x29, 0x14, 0x11, 0x20, 0x44, 0x51, 0x01, 0x16, 0x51, 0x4d, 0x14, 0x11, 0x64, 0x00,
  0x00, 0x10, 0x11, 0xf4, 0x11, 0x20, 0x44, 0x5f, 0x01, 0xe4, 0x11, 0x45, 0x14, 0x1f, 0x40, 0x00,
  0x00, 0x10, 0x29, 0x04, 0x53, 0x24, 0x42, 0x90, 0x01, 0x04, 0x11, 0x45, 0x34, 0x50, 0x40, 0x00,
  0x00, 0x1f, 0x44, 0xe3, 0x8d, 0x18, 0xe1, 0x0e, 0x01, 0x04, 0x0e, 0x3c, 0xd3, 0x8e, 0x40, 0x00,
  0x00, 0x00, 0x00, 0x00, 0x00, 0x00, 0x00, 0x00, 0x00, 0x00, 0x00, 0x00, 0x00, 0x00, 0x00, 0x00,
  0x00, 0x00, 0x00, 0x00, 0x00, 0x00, 0x00, 0x00, 0x00, 0x00, 0x00, 0x00, 0x00, 0x00, 0x00, 0x00,
  0x00, 0x00, 0x00, 0x00, 0x00, 0x00, 0x00, 0x00, 0x00, 0x00, 0x00, 0x00, 0x00, 0x00, 0x00, 0x00,
  0x00, 0x00, 0x00, 0x00, 0x00, 0x00, 0x00, 0x00, 0x00, 0x00, 0x00, 0x00, 0x00, 0x00, 0x00, 0x00,
  0x00, 0x00, 0x00, 0x00, 0x00, 0x00, 0x00, 0x00, 0x00, 0x00, 0x00, 0x00, 0x00, 0x00, 0x00, 0x00,
  0x00, 0x00, 0x00, 0x00, 0x00, 0x00, 0x00, 0x00, 0x00, 0x00, 0x00, 0x00, 0x00, 0x00, 0x00, 0x00,
  0x00, 0x00, 0x00, 0x00, 0x00, 0x00, 0x00, 0x00, 0x00, 0x00, 0x00, 0x00, 0x00, 0x00, 0x00, 0x00,
  0x00, 0x00, 0x00, 0x00, 0x00, 0x00, 0x00, 0x00, 0x00, 0x00, 0x00, 0x00, 0x00, 0x00, 0x00, 0x00,
  0x00, 0x00, 0x00, 0x00, 0x00, 0x00, 0x00, 0x00, 0x00, 0x00, 0x00, 0x00, 0x00, 0x00, 0x00, 0x00,
  0x00, 0x00, 0x00, 0x00, 0x00, 0x00, 0x00, 0x00, 0x00, 0x00, 0x00, 0x00, 0x00, 0x00, 0x00, 0x00,
  0x00, 0x08, 0x9c, 0x01, 0xc8, 0xbe, 0x00, 0x00, 0x00, 0x00, 0x00, 0x00, 0x00, 0x00, 0x00, 0x00,
  0x00, 0x08, 0xa2, 0x02, 0x28, 0xa0, 0x00, 0x00, 0x00, 0x00, 0x00, 0x00, 0x00, 0x00, 0x00, 0x00,
  0x00, 0x0c, 0xa2, 0x02, 0x2c, 0xa0, 0x00, 0x00, 0x00, 0x00, 0x00, 0x00, 0x00, 0x00, 0x00, 0x00,
  0x00, 0x0a, 0xa2, 0x02, 0x2a, 0xbc, 0x00, 0x00, 0x00, 0x00, 0x00, 0x00, 0x00, 0x00, 0x00, 0x00,
  0x00, 0x09, 0xa2, 0x02, 0x29, 0xa0, 0x00, 0x00, 0x00, 0x00, 0x00, 0x00, 0x00, 0x00, 0x00, 0x00,
  0x00, 0x08, 0xa2, 0x02, 0x28, 0xa0, 0x00, 0x00, 0x00, 0x00, 0x00, 0x00, 0x00, 0x00, 0x00, 0x00,
  0x00, 0x08, 0x9c, 0xf9, 0xc8, 0xbe, 0x00, 0x00, 0x00, 0x00, 0x00, 0x00, 0x00, 0x00, 0x00, 0x00,
  0x00, 0x00, 0x00, 0x00, 0x00, 0x00, 0x00, 0x00, 0x00, 0x00, 0x00, 0x00, 0x00, 0x00, 0x00, 0x00,
  0x00, 0x00, 0x00, 0x00, 0x00, 0x00, 0x00, 0x00, 0x00, 0x00, 0x00, 0x00, 0x00, 0x00, 0x00, 0x00,
  0x00, 0x00, 0x00, 0x00, 0x00, 0x00, 0x00, 0x00, 0x00, 0x00, 0x00, 0x00, 0x00, 0x00, 0x00, 0x00,
  0x00, 0x00, 0x00, 0x00, 0x00, 0x00, 0x00, 0x00, 0x00, 0x00, 0x00, 0x00, 0x00, 0x00, 0x00, 0x00,
  0x00, 0x00, 0x00, 0x00, 0x00, 0x00, 0x00, 0x00, 0x00, 0x00, 0x00, 0x00, 0x00, 0x00, 0x00, 0x00,
  0x00, 0x00, 0x00, 0x00, 0x00, 0x00, 0x00, 0x00, 0x00, 0x00, 0x00, 0x00, 0x00, 0x00, 0x00, 0x00,
  0x00, 0x00, 0x00, 0x00, 0x00, 0x00, 0x00, 0x00, 0x00, 0x00, 0x00, 0x00, 0x00, 0x00, 0x00, 0x00,
  0x00, 0x00, 0x00, 0x00, 0x00, 0x00, 0x00, 0x00, 0x00, 0x00, 0x00, 0x00, 0x00, 0x00, 0x00, 0x00,
  0x00, 0x00, 0x00, 0x00, 0x00, 0x00, 0x00, 0x00, 0x00, 0x00, 0x00, 0x00, 0x00, 0x00, 0x00, 0x00,
  0x00, 0x00, 0x00, 0x00, 0x00, 0x00, 0x00, 0x00, 0x00, 0x00, 0x00, 0x00, 0x00, 0x00, 0x00, 0x00,
  0x00, 0x00, 0x00, 0x00, 0x00, 0x00, 0x00, 0x00, 0x00, 0x00, 0x00, 0x00, 0x00, 0x00, 0x00, 0x00,
  0x00, 0x00, 0x00, 0x00, 0x00, 0x00, 0x00, 0x00, 0x00, 0x00, 0x00, 0x00, 0x00, 0x00, 0x00, 0x00,
  0x00, 0x00, 0x00, 0x00, 0x00, 0x00, 0x00, 0x00, 0x00, 0x00, 0x00, 0x00, 0x00, 0x00, 0x00, 0x00,
  0x00, 0x00, 0x00, 0x00, 0x00, 0x00, 0x00, 0x00, 0x00, 0x00, 0x00, 0x00, 0x00, 0x00, 0x00, 0x00,
  0x00, 0x00, 0x00, 0x00, 0x00, 0x00, 0x00, 0x00, 0x00, 0x00, 0x00, 0x00, 0x00, 0x00, 0x00, 0x00,
  0x00, 0x00, 0x00, 0x00, 0x00, 0x00, 0x00, 0x00, 0x00, 0x00, 0x00, 0x00, 0x00, 0x00, 0x00, 0x00,
  0x00, 0x00, 0x00, 0x00, 0x00, 0x00, 0x00, 0x00, 0x00, 0x00, 0x00, 0x00, 0x00, 0x00, 0x00, 0x00,
  0x00, 0x00, 0x00, 0x00, 0x00, 0x00, 0x00, 0x00, 0x00, 0x00, 0x00, 0x00, 0x00, 0x00, 0x00, 0x00,
  0x00, 0x00, 0x00, 0x00, 0x00, 0x00, 0x00, 0x00, 0x00, 0x00, 0x00, 0x00, 0x00, 0x00, 0x00, 0x00,
  0x00, 0x00, 0x00, 0x00, 0x00, 0x00, 0x00, 0x00, 0x00, 0x00, 0x00, 0x00, 0x00, 0x00, 0x00, 0x00,
  0x00, 0x00, 0x00, 0x00, 0x00, 0x00, 0x00, 0x00, 0x00, 0x00, 0x00, 0x00, 0x00, 0x00, 0x00, 0x00,
  0x00, 0x00, 0x00, 0x00, 0x00, 0x00, 0x00, 0x00, 0x00, 0x00, 0x00, 0x00, 0x00, 0x00, 0x00, 0x00,
  0x00, 0x00, 0x00, 0x00, 0x00, 0x00, 0x00, 0x00, 0x00, 0x00, 0x00, 0x00, 0x00, 0x00, 0x00, 0x00,
  0x00, 0x00, 0x00, 0x00, 0x00, 0x00, 0x00, 0x00, 0x00, 0x00, 0x00, 0x00, 0x00, 0x00, 0x00, 0x00,
  0x00, 0x00, 0x00, 0x00, 0x00, 0x00, 0x00, 0x00, 0x00, 0x00, 0x00, 0x00, 0x00, 0x00, 0x00, 0x00,
  0x00, 0x00, 0x00, 0x00, 0x00, 0x00, 0x00, 0x00, 0x00, 0x00, 0x00, 0x00, 0x00, 0x00, 0x00, 0x00,
  0x00, 0x00, 0x00, 0x00, 0x00, 0x00, 0x00, 0x00, 0x00, 0x00, 0x00, 0x00, 0x00, 0x00, 0x00, 0x00,
  0x00, 0x00, 0x00, 0x00, 0x00, 0x00, 0x00, 0x00, 0x00, 0x00, 0x00, 0x00, 0x00, 0x00, 0x00, 0x00
};



void setup() {
  Wire.begin(21, 22);
  delay(100);
  display.begin();
  display.setI2CAddress(0x3C * 2);
}

void showFrame(const uint8_t* frame, int duration) {
  display.clearBuffer();
  display.drawBitmap(0, 0, 16, 64, frame);
  display.sendBuffer();
  delay(duration);
}

void loop() {
  showFrame(frame0,  300);   // single
  showFrame(frame1,  500);   // 1st text
  showFrame(frame2,  500);   // double
  showFrame(frame3,  800);   // only text
  showFrame(frame4,  600);   // couple
  showFrame(frame5,  2000);  // black frame
  showFrame(frame6,  200);   // wait frame
  showFrame(frame7,  200);   // waitt frame
  showFrame(frame8,  200);   // waittt frame
  showFrame(frame9,  800);   // waittt...
  showFrame(frame10, 1200);  // you have exam
  showFrame(frame11, 1000);  // tomorrow
  showFrame(frame12, 1000);  // go and study!
  showFrame(frame13, 6000);  // cat
  showFrame(frame5,  1000);  // dark
  showFrame(frame14, 2000);  // directed by
  showFrame(frame15, 7000);  // executive producer
}